latitude,longitude,status,detected_at,source,copernicus_product_id,validation_status,notes
33.2592550742,33.0577775973,Oil spill,2019-01-01T03:42:35Z,DARTIS_2019,S1B_IW_GRDH_1SDV_20190101T034300_20190101T034325_014295_01A97E_39B8.SAFE,Unverified,Imported from DARTIS_2019.tab; deduplicated by Sentinel ID
31.6854446376,32.0289591005,Oil spill,2019-01-04T15:56:38Z,DARTIS_2019,S1A_IW_GRDH_1SDV_20190104T155703_20190104T155728_025330_02CD9D_BBAA.SAFE,Unverified,Imported from DARTIS_2019.tab; deduplicated by Sentinel ID
31.5731314340,30.6272715270,Oil spill,2019-01-10T15:56:11Z,DARTIS_2019,S1B_IW_GRDH_1SDV_20190110T155611_20190110T155635_014434_01ADED_1E1A.SAFE,Unverified,Imported from DARTIS_2019.tab; deduplicated by Sentinel ID
32.4077794823,32.4772004776,Oil spill,2019-01-11T15:48:36Z,DARTIS_2019,S1A_IW_GRDH_1SDV_20190111T154901_20190111T154926_025432_02D14A_4A63.SAFE,Unverified,Imported from DARTIS_2019.tab; deduplicated by Sentinel ID
31.6636907029,31.1812104962,Oil spill,2019-01-12T03:51:17Z,DARTIS_2019,S1A_IW_GRDH_1SDV_20190112T035232_20190112T035259_025439_02D183_0BB2.SAFE;S1A_IW_GRDH_1SDV_20190112T035207_20190112T035232_025439_02D183_4040.SAFE,Unverified,Imported from DARTIS_2019.tab; deduplicated by Sentinel ID
34.0756439287,35.2646863248,Oil spill,2019-01-12T15:39:43Z,DARTIS_2019,S1B_IW_GRDH_1SDV_20190112T154033_20190112T154058_014463_01AEE6_B38F.SAFE,Unverified,Imported from DARTIS_2019.tab; deduplicated by Sentinel ID
34.6101004343,34.8892282890,Oil spill,2019-01-19T03:42:58Z,DARTIS_2019,S1A_IW_GRDH_1SDV_20190119T034323_20190119T034348_025541_02D53C_8F34.SAFE,Unverified,Imported from DARTIS_2019.tab; deduplicated by Sentinel ID
31.3466783088,32.3332670656,Oil spill,2019-01-22T15:56:10Z,DARTIS_2019,S1B_IW_GRDH_1SDV_20190122T155610_20190122T155635_014609_01B38B_28CE.SAFE,Unverified,Imported from DARTIS_2019.tab; deduplicated by Sentinel ID
32.7598107942,31.2857604963,Oil spill,2019-01-22T15:56:41Z,DARTIS_2019,S1B_IW_GRDH_1SDV_20190122T155641_20190122T155710_014609_01B38C_DBD6.SAFE,Unverified,Imported from DARTIS_2019.tab; deduplicated by Sentinel ID
34.3430151006,30.6869577354,Oil spill,2019-01-22T15:56:41Z,DARTIS_2019,S1B_IW_GRDH_1SDV_20190122T155710_20190122T155735_014609_01B38C_4548.SAFE,Unverified,Imported from DARTIS_2019.tab; deduplicated by Sentinel ID
33.0800914893,30.2991567974,Oil spill,2019-01-23T03:58:50Z,DARTIS_2019,S1B_IW_GRDH_1SDV_20190123T035915_20190123T035940_014616_01B3CB_38CE.SAFE,Unverified,Imported from DARTIS_2019.tab; deduplicated by Sentinel ID
32.1678420077,30.9463051994,Oil spill,2019-01-23T03:58:50Z,DARTIS_2019,S1B_IW_GRDH_1SDV_20190123T035940_20190123T040005_014616_01B3CB_32E6.SAFE,Unverified,Imported from DARTIS_2019.tab; deduplicated by Sentinel ID
31.3850268554,32.4357191860,Oil spill,2019-01-29T15:47:46Z,DARTIS_2019,S1B_IW_GRDH_1SDV_20190129T154811_20190129T154836_014711_01B6D1_C6CA.SAFE,Unverified,Imported from DARTIS_2019.tab; deduplicated by Sentinel ID
31.5153852218,32.8129635864,Oil spill,2019-01-30T03:50:40Z,DARTIS_2019,S1B_IW_GRDH_1SDV_20190130T035130_20190130T035155_014718_01B710_492E.SAFE,Unverified,Imported from DARTIS_2019.tab; deduplicated by Sentinel ID
31.5366811753,30.2356646825,Oil spill,2019-02-02T16:04:49Z,DARTIS_2019,S1A_IW_GRDH_1SDV_20190202T160514_20190202T160539_025753_02DD0D_CACF.SAFE,Unverified,Imported from DARTIS_2019.tab; deduplicated by Sentinel ID
34.6327415070,31.8523564863,Oil spill,2019-02-03T15:56:41Z,DARTIS_2019,S1B_IW_GRDH_1SDV_20190203T155710_20190203T155735_014784_01B937_1B6C.SAFE,Unverified,Imported from DARTIS_2019.tab; deduplicated by Sentinel ID
31.5368857576,30.0210797277,Oil spill,2019-02-08T16:04:05Z,DARTIS_2019,S1B_IW_GRDH_1SDV_20190208T160430_20190208T160455_014857_01BBA6_8575.SAFE,Unverified,Imported from DARTIS_2019.tab; deduplicated by Sentinel ID
31.9147414677,31.6949726843,Oil spill,2019-02-11T03:50:40Z,DARTIS_2019,S1B_IW_GRDH_1SDV_20190211T035130_20190211T035155_014893_01BCCD_79F7.SAFE,Unverified,Imported from DARTIS_2019.tab; deduplicated by Sentinel ID
34.3486253709,33.4134946284,Oil spill,2019-02-12T03:42:57Z,DARTIS_2019,S1A_IW_GRDH_1SDV_20190212T034322_20190212T034347_025891_02E1DC_948A.SAFE,Unverified,Imported from DARTIS_2019.tab; deduplicated by Sentinel ID
32.9373363719,33.9326524272,Oil spill,2019-02-12T03:42:57Z,DARTIS_2019,S1A_IW_GRDH_1SDV_20190212T034347_20190212T034412_025891_02E1DC_27C4.SAFE,Unverified,Imported from DARTIS_2019.tab; deduplicated by Sentinel ID
34.6769748989,33.5112206191,Oil spill,2019-02-17T03:51:16Z,DARTIS_2019,S1A_IW_GRDH_1SDV_20190217T035116_20190217T035141_025964_02E473_BCD6.SAFE,Unverified,Imported from DARTIS_2019.tab; deduplicated by Sentinel ID
32.7731590511,31.0866480405,Oil spill,2019-02-17T03:51:16Z,DARTIS_2019,S1A_IW_GRDH_1SDV_20190217T035206_20190217T035231_025964_02E473_9766.SAFE,Unverified,Imported from DARTIS_2019.tab; deduplicated by Sentinel ID
33.6440639263,33.7338936819,Oil spill,2019-02-18T03:42:34Z,DARTIS_2019,S1B_IW_GRDH_1SDV_20190218T034259_20190218T034324_014995_01C035_58C9.SAFE,Unverified,Imported from DARTIS_2019.tab; deduplicated by Sentinel ID
34.6183477401,35.4335540180,Oil spill,2019-02-19T03:34:54Z,DARTIS_2019,S1A_IW_GRDH_1SDV_20190219T033454_20190219T033519_025993_02E57A_9BA8.SAFE,Unverified,Imported from DARTIS_2019.tab; deduplicated by Sentinel ID
31.3328959893,32.4557442336,Oil spill,2019-02-21T15:56:37Z,DARTIS_2019,S1A_IW_GRDH_1SDV_20190221T155702_20190221T155727_026030_02E6CF_D766.SAFE;S1A_IW_GRDH_1SDV_20190221T155637_20190221T155702_026030_02E6CF_CB00.SAFE,Unverified,Imported from DARTIS_2019.tab; deduplicated by Sentinel ID
31.6159302558,31.8403258921,Oil spill,2019-02-21T15:56:37Z,DARTIS_2019,S1A_IW_GRDH_1SDV_20190221T155702_20190221T155727_026030_02E6CF_D766.SAFE,Unverified,Imported from DARTIS_2019.tab; deduplicated by Sentinel ID
32.8497973070,30.6329470218,Oil spill,2019-02-22T03:59:26Z,DARTIS_2019,S1A_IW_GRDH_1SDV_20190222T040016_20190222T040041_026037_02E70F_FF4E.SAFE,Unverified,Imported from DARTIS_2019.tab; deduplicated by Sentinel ID
31.5616541684,30.1285574025,Oil spill,2019-02-22T03:59:26Z,DARTIS_2019,S1A_IW_GRDH_1SDV_20190222T040041_20190222T040106_026037_02E70F_5AD5.SAFE,Unverified,Imported from DARTIS_2019.tab; deduplicated by Sentinel ID
31.4626884983,32.2073254700,Oil spill,2019-02-22T15:47:45Z,DARTIS_2019,S1B_IW_GRDH_1SDV_20190222T154810_20190222T154835_015061_01C24C_9BBE.SAFE,Unverified,Imported from DARTIS_2019.tab; deduplicated by Sentinel ID
31.4916149155,32.3182021479,Oil spill,2019-02-23T03:50:40Z,DARTIS_2019,S1B_IW_GRDH_1SDV_20190223T035130_20190223T035155_015068_01C287_0DC8.SAFE,Unverified,Imported from DARTIS_2019.tab; deduplicated by Sentinel ID
34.0612620587,34.5797047200,Oil spill,2019-02-24T03:42:57Z,DARTIS_2019,S1A_IW_GRDH_1SDV_20190224T034322_20190224T034347_026066_02E816_1321.SAFE,Unverified,Imported from DARTIS_2019.tab; deduplicated by Sentinel ID
32.8272989623,34.1026575885,Oil spill,2019-02-24T03:42:57Z,DARTIS_2019,S1A_IW_GRDH_1SDV_20190224T034347_20190224T034412_026066_02E816_11C9.SAFE,Unverified,Imported from DARTIS_2019.tab; deduplicated by Sentinel ID
31.4597350911,30.1134385800,Oil spill,2019-03-04T16:04:04Z,DARTIS_2019,S1B_IW_GRDH_1SDV_20190304T160429_20190304T160454_015207_01C72A_60D4.SAFE,Unverified,Imported from DARTIS_2019.tab; deduplicated by Sentinel ID
32.9432146133,30.3104238598,Oil spill,2019-03-05T15:56:37Z,DARTIS_2019,S1A_IW_GRDH_1SDV_20190305T155727_20190305T155752_026205_02ED1B_9DEA.SAFE,Unverified,Imported from DARTIS_2019.tab; deduplicated by Sentinel ID
31.5918595976,31.4269126982,Oil spill,2019-03-05T15:56:37Z,DARTIS_2019,S1A_IW_GRDH_1SDV_20190305T155702_20190305T155727_026205_02ED1B_0DF1.SAFE,Unverified,Imported from DARTIS_2019.tab; deduplicated by Sentinel ID
34.2385944950,31.5147551415,Oil spill,2019-03-05T15:56:37Z,DARTIS_2019,S1A_IW_GRDH_1SDV_20190305T155752_20190305T155817_026205_02ED1B_206C.SAFE;S1A_IW_GRDH_1SDV_20190305T155727_20190305T155752_026205_02ED1B_9DEA.SAFE,Unverified,Imported from DARTIS_2019.tab; deduplicated by Sentinel ID
34.4970761064,31.7070072632,Oil spill,2019-03-06T03:59:26Z,DARTIS_2019,S1A_IW_GRDH_1SDV_20190306T035951_20190306T040016_026212_02ED51_0951.SAFE;S1A_IW_GRDH_1SDV_20190306T035926_20190306T035951_026212_02ED51_1D32.SAFE,Unverified,Imported from DARTIS_2019.tab; deduplicated by Sentinel ID
31.5710220637,30.1381513603,Oil spill,2019-03-06T03:59:26Z,DARTIS_2019,S1A_IW_GRDH_1SDV_20190306T040041_20190306T040106_026212_02ED51_8E68.SAFE;S1A_IW_GRDH_1SDV_20190306T040016_20190306T040041_026212_02ED51_9536.SAFE,Unverified,Imported from DARTIS_2019.tab; deduplicated by Sentinel ID
31.3273256322,33.2760062354,Oil spill,2019-03-06T15:47:45Z,DARTIS_2019,S1B_IW_GRDH_1SDV_20190306T154810_20190306T154835_015236_01C814_5AC6.SAFE;S1B_IW_GRDH_1SDV_20190306T154745_20190306T154810_015236_01C814_B914.SAFE,Unverified,Imported from DARTIS_2019.tab; deduplicated by Sentinel ID
31.3612227043,32.6801984627,Oil spill,2019-03-06T15:47:45Z,DARTIS_2019,S1B_IW_GRDH_1SDV_20190306T154810_20190306T154835_015236_01C814_5AC6.SAFE,Unverified,Imported from DARTIS_2019.tab; deduplicated by Sentinel ID
32.6779115462,32.1978252943,Oil spill,2019-03-07T03:50:39Z,DARTIS_2019,S1B_IW_GRDH_1SDV_20190307T035129_20190307T035154_015243_01C850_97F9.SAFE;S1B_IW_GRDH_1SDV_20190307T035104_20190307T035129_015243_01C850_7057.SAFE,Unverified,Imported from DARTIS_2019.tab; deduplicated by Sentinel ID
31.7882262903,31.9783079012,Oil spill,2019-03-07T03:50:39Z,DARTIS_2019,S1B_IW_GRDH_1SDV_20190307T035129_20190307T035154_015243_01C850_97F9.SAFE,Unverified,Imported from DARTIS_2019.tab; deduplicated by Sentinel ID
31.2773508278,32.7230609685,Oil spill,2019-03-08T03:42:57Z,DARTIS_2019,S1A_IW_GRDH_1SDV_20190308T034412_20190308T034437_026241_02EE61_2777.SAFE,Unverified,Imported from DARTIS_2019.tab; deduplicated by Sentinel ID
31.3786784436,32.2186324732,Oil spill,2019-03-11T15:56:09Z,DARTIS_2019,S1B_IW_GRDH_1SDV_20190311T155609_20190311T155634_015309_01CA74_5487.SAFE,Unverified,Imported from DARTIS_2019.tab; deduplicated by Sentinel ID
32.9372387027,30.5057345014,Oil spill,2019-03-11T15:56:40Z,DARTIS_2019,S1B_IW_GRDH_1SDV_20190311T155640_20190311T155709_015309_01CA75_E0AC.SAFE,Unverified,Imported from DARTIS_2019.tab; deduplicated by Sentinel ID
34.5428788863,31.7355293864,Oil spill,2019-03-12T03:58:49Z,DARTIS_2019,S1B_IW_GRDH_1SDV_20190312T035849_20190312T035914_015316_01CAB5_BF4A.SAFE,Unverified,Imported from DARTIS_2019.tab; deduplicated by Sentinel ID
33.0258047654,30.6268446069,Oil spill,2019-03-12T03:58:49Z,DARTIS_2019,S1B_IW_GRDH_1SDV_20190312T035914_20190312T035939_015316_01CAB5_A5CE.SAFE,Unverified,Imported from DARTIS_2019.tab; deduplicated by Sentinel ID
31.6959378029,30.5807880348,Oil spill,2019-03-12T03:58:49Z,DARTIS_2019,S1B_IW_GRDH_1SDV_20190312T035939_20190312T040004_015316_01CAB5_09EE.SAFE,Unverified,Imported from DARTIS_2019.tab; deduplicated by Sentinel ID
31.5839638856,32.4244610022,Oil spill,2019-03-12T15:48:35Z,DARTIS_2019,S1A_IW_GRDH_1SDV_20190312T154835_20190312T154900_026307_02F0D5_EA94.SAFE,Unverified,Imported from DARTIS_2019.tab; deduplicated by Sentinel ID
32.9471294666,32.2456876193,Oil spill,2019-03-12T15:48:35Z,DARTIS_2019,S1A_IW_GRDH_1SDV_20190312T154900_20190312T154925_026307_02F0D5_5A39.SAFE,Unverified,Imported from DARTIS_2019.tab; deduplicated by Sentinel ID
34.2683049777,33.1882813899,Oil spill,2019-03-13T03:51:16Z,DARTIS_2019,S1A_IW_GRDH_1SDV_20190313T035141_20190313T035206_026314_02F112_DA9D.SAFE,Unverified,Imported from DARTIS_2019.tab; deduplicated by Sentinel ID
32.2374924873,31.8914303289,Oil spill,2019-03-13T03:51:16Z,DARTIS_2019,S1A_IW_GRDH_1SDV_20190313T035206_20190313T035231_026314_02F112_B938.SAFE,Unverified,Imported from DARTIS_2019.tab; deduplicated by Sentinel ID
31.5126703873,32.1657208123,Oil spill,2019-03-13T03:51:16Z,DARTIS_2019,S1A_IW_GRDH_1SDV_20190313T035231_20190313T035258_026314_02F112_380A.SAFE;S1A_IW_GRDH_1SDV_20190313T035206_20190313T035231_026314_02F112_B938.SAFE,Unverified,Imported from DARTIS_2019.tab; deduplicated by Sentinel ID
31.2712716419,32.7051588093,Oil spill,2019-03-18T15:47:45Z,DARTIS_2019,S1B_IW_GRDH_1SDV_20190318T154810_20190318T154835_015411_01CDBD_41F5.SAFE;S1B_IW_GRDH_1SDV_20190318T154745_20190318T154810_015411_01CDBD_E506.SAFE,Unverified,Imported from DARTIS_2019.tab; deduplicated by Sentinel ID
31.3663457433,32.9226702353,Oil spill,2019-03-18T15:47:45Z,DARTIS_2019,S1B_IW_GRDH_1SDV_20190318T154810_20190318T154835_015411_01CDBD_41F5.SAFE,Unverified,Imported from DARTIS_2019.tab; deduplicated by Sentinel ID
34.5693818788,33.7947477491,Oil spill,2019-03-19T03:50:39Z,DARTIS_2019,S1B_IW_GRDH_1SDV_20190319T035039_20190319T035104_015418_01CDFB_172B.SAFE,Unverified,Imported from DARTIS_2019.tab; deduplicated by Sentinel ID
33.6378331610,32.1461287858,Oil spill,2019-03-19T03:50:39Z,DARTIS_2019,S1B_IW_GRDH_1SDV_20190319T035104_20190319T035129_015418_01CDFB_86C8.SAFE,Unverified,Imported from DARTIS_2019.tab; deduplicated by Sentinel ID
32.1428240039,31.3596493272,Oil spill,2019-03-19T03:50:39Z,DARTIS_2019,S1B_IW_GRDH_1SDV_20190319T035129_20190319T035154_015418_01CDFB_0728.SAFE,Unverified,Imported from DARTIS_2019.tab; deduplicated by Sentinel ID
33.8665631997,34.7496383197,Oil spill,2019-03-19T15:40:07Z,DARTIS_2019,S1A_IW_GRDH_1SDV_20190319T154057_20190319T154122_026409_02F495_3769.SAFE,Unverified,Imported from DARTIS_2019.tab; deduplicated by Sentinel ID
33.9879747259,35.3444194834,Oil spill,2019-03-19T15:40:07Z,DARTIS_2019,S1A_IW_GRDH_1SDV_20190319T154122_20190319T154147_026409_02F495_4D5C.SAFE;S1A_IW_GRDH_1SDV_20190319T154057_20190319T154122_026409_02F495_3769.SAFE,Unverified,Imported from DARTIS_2019.tab; deduplicated by Sentinel ID
34.3418865131,33.4977181500,Oil spill,2019-03-20T03:42:57Z,DARTIS_2019,S1A_IW_GRDH_1SDV_20190320T034322_20190320T034347_026416_02F4D4_B411.SAFE,Unverified,Imported from DARTIS_2019.tab; deduplicated by Sentinel ID
31.4991474943,32.7445387843,Oil spill,2019-03-20T03:42:57Z,DARTIS_2019,S1A_IW_GRDH_1SDV_20190320T034412_20190320T034437_026416_02F4D4_1A96.SAFE,Unverified,Imported from DARTIS_2019.tab; deduplicated by Sentinel ID
34.6909997898,35.8301549146,Oil spill,2019-03-20T15:31:27Z,DARTIS_2019,S1B_IW_GRDH_1SDV_20190320T153217_20190320T153242_015440_01CEAD_0499.SAFE,Unverified,Imported from DARTIS_2019.tab; deduplicated by Sentinel ID
31.7746752363,31.9189129758,Oil spill,2019-03-23T15:56:09Z,DARTIS_2019,S1B_IW_GRDH_1SDV_20190323T155609_20190323T155634_015484_01D019_131C.SAFE,Unverified,Imported from DARTIS_2019.tab; deduplicated by Sentinel ID
32.4804355554,31.4323252019,Oil spill,2019-03-23T15:56:40Z,DARTIS_2019,S1B_IW_GRDH_1SDV_20190323T155640_20190323T155709_015484_01D01A_DA9D.SAFE,Unverified,Imported from DARTIS_2019.tab; deduplicated by Sentinel ID
32.3117973355,32.3268335580,Oil spill,2019-03-24T15:48:36Z,DARTIS_2019,S1A_IW_GRDH_1SDV_20190324T154901_20190324T154926_026482_02F74C_6168.SAFE,Unverified,Imported from DARTIS_2019.tab; deduplicated by Sentinel ID
32.5173782197,30.9570239660,Oil spill,2019-03-25T03:51:17Z,DARTIS_2019,S1A_IW_GRDH_1SDV_20190325T035207_20190325T035232_026489_02F78B_61BC.SAFE,Unverified,Imported from DARTIS_2019.tab; deduplicated by Sentinel ID
33.2849352487,31.6949808373,Oil spill,2019-03-25T03:51:17Z,DARTIS_2019,S1A_IW_GRDH_1SDV_20190325T035142_20190325T035207_026489_02F78B_D467.SAFE,Unverified,Imported from DARTIS_2019.tab; deduplicated by Sentinel ID
31.4062358481,32.3543744407,Oil spill,2019-03-29T15:56:37Z,DARTIS_2019,S1A_IW_GRDH_1SDV_20190329T155702_20190329T155727_026555_02F9F6_EC3A.SAFE,Unverified,Imported from DARTIS_2019.tab; deduplicated by Sentinel ID
33.8927484365,33.3533236369,Oil spill,2019-03-30T15:47:45Z,DARTIS_2019,S1B_IW_GRDH_1SDV_20190330T154835_20190330T154900_015586_01D376_146D.SAFE,Unverified,Imported from DARTIS_2019.tab; deduplicated by Sentinel ID
34.6384326231,33.3515765136,Oil spill,2019-04-01T03:42:57Z,DARTIS_2019,S1A_IW_GRDH_1SDV_20190401T034322_20190401T034347_026591_02FB4C_1C41.SAFE,Unverified,Imported from DARTIS_2019.tab; deduplicated by Sentinel ID
31.8215320064,32.1550643993,Oil spill,2019-04-04T15:56:10Z,DARTIS_2019,S1B_IW_GRDH_1SDV_20190404T155610_20190404T155635_015659_01D5E2_CCBC.SAFE,Unverified,Imported from DARTIS_2019.tab; deduplicated by Sentinel ID
34.5743124460,31.4711014789,Oil spill,2019-04-05T03:58:50Z,DARTIS_2019,S1B_IW_GRDH_1SDV_20190405T035850_20190405T035915_015666_01D628_CFEF.SAFE,Unverified,Imported from DARTIS_2019.tab; deduplicated by Sentinel ID
31.8407305635,30.6304854915,Oil spill,2019-04-05T03:58:50Z,DARTIS_2019,S1B_IW_GRDH_1SDV_20190405T035940_20190405T040005_015666_01D628_676F.SAFE,Unverified,Imported from DARTIS_2019.tab; deduplicated by Sentinel ID
31.3494297720,33.6059383107,Oil spill,2019-04-05T15:48:36Z,DARTIS_2019,S1A_IW_GRDH_1SDV_20190405T154836_20190405T154901_026657_02FDC3_95CA.SAFE,Unverified,Imported from DARTIS_2019.tab; deduplicated by Sentinel ID
31.6327022378,32.2378394081,Oil spill,2019-04-05T15:48:36Z,DARTIS_2019,S1A_IW_GRDH_1SDV_20190405T154901_20190405T154926_026657_02FDC3_00D2.SAFE;S1A_IW_GRDH_1SDV_20190405T154836_20190405T154901_026657_02FDC3_95CA.SAFE,Unverified,Imported from DARTIS_2019.tab; deduplicated by Sentinel ID
32.6343186052,32.8902739751,Oil spill,2019-04-05T15:48:36Z,DARTIS_2019,S1A_IW_GRDH_1SDV_20190405T154901_20190405T154926_026657_02FDC3_00D2.SAFE,Unverified,Imported from DARTIS_2019.tab; deduplicated by Sentinel ID
34.3131681895,33.9477997205,Oil spill,2019-04-05T15:48:36Z,DARTIS_2019,S1A_IW_GRDH_1SDV_20190405T154926_20190405T154951_026657_02FDC3_6F15.SAFE,Unverified,Imported from DARTIS_2019.tab; deduplicated by Sentinel ID
32.1695617183,33.2236224999,Oil spill,2019-04-06T03:51:17Z,DARTIS_2019,S1A_IW_GRDH_1SDV_20190406T035207_20190406T035232_026664_02FE02_3AA5.SAFE,Unverified,Imported from DARTIS_2019.tab; deduplicated by Sentinel ID
34.2109270213,33.2437173369,Oil spill,2019-04-06T03:51:17Z,DARTIS_2019,S1A_IW_GRDH_1SDV_20190406T035142_20190406T035207_026664_02FE02_BB0A.SAFE,Unverified,Imported from DARTIS_2019.tab; deduplicated by Sentinel ID
32.9858745321,32.3787007092,Oil spill,2019-04-06T03:51:17Z,DARTIS_2019,S1A_IW_GRDH_1SDV_20190406T035207_20190406T035232_026664_02FE02_3AA5.SAFE;S1A_IW_GRDH_1SDV_20190406T035142_20190406T035207_026664_02FE02_BB0A.SAFE,Unverified,Imported from DARTIS_2019.tab; deduplicated by Sentinel ID
31.3361078973,32.1920912417,Oil spill,2019-04-06T03:51:17Z,DARTIS_2019,S1A_IW_GRDH_1SDV_20190406T035232_20190406T035258_026664_02FE02_55D2.SAFE,Unverified,Imported from DARTIS_2019.tab; deduplicated by Sentinel ID
33.8946852798,34.4082981459,Oil spill,2019-04-06T15:39:42Z,DARTIS_2019,S1B_IW_GRDH_1SDV_20190406T154032_20190406T154057_015688_01D6ED_B234.SAFE,Unverified,Imported from DARTIS_2019.tab; deduplicated by Sentinel ID
33.5597896565,33.1922213134,Oil spill,2019-04-07T03:42:34Z,DARTIS_2019,S1B_IW_GRDH_1SDV_20190407T034259_20190407T034324_015695_01D728_6F12.SAFE,Unverified,Imported from DARTIS_2019.tab; deduplicated by Sentinel ID
34.6546349852,35.3744620229,Oil spill,2019-04-08T03:34:54Z,DARTIS_2019,S1A_IW_GRDH_1SDV_20190408T033454_20190408T033519_026693_02FF08_729E.SAFE,Unverified,Imported from DARTIS_2019.tab; deduplicated by Sentinel ID
31.6927357347,32.0915439393,Oil spill,2019-04-10T15:56:37Z,DARTIS_2019,S1A_IW_GRDH_1SDV_20190410T155702_20190410T155727_026730_030069_18D5.SAFE,Unverified,Imported from DARTIS_2019.tab; deduplicated by Sentinel ID
31.4009616992,32.7480286513,Oil spill,2019-04-11T15:47:46Z,DARTIS_2019,S1B_IW_GRDH_1SDV_20190411T154811_20190411T154836_015761_01D947_1908.SAFE,Unverified,Imported from DARTIS_2019.tab; deduplicated by Sentinel ID
32.9453908094,31.7469258078,Oil spill,2019-04-11T15:47:46Z,DARTIS_2019,S1B_IW_GRDH_1SDV_20190411T154836_20190411T154901_015761_01D947_D398.SAFE,Unverified,Imported from DARTIS_2019.tab; deduplicated by Sentinel ID
33.2743999592,33.1269017595,Oil spill,2019-04-12T03:50:40Z,DARTIS_2019,S1B_IW_GRDH_1SDV_20190412T035105_20190412T035130_015768_01D985_01C9.SAFE,Unverified,Imported from DARTIS_2019.tab; deduplicated by Sentinel ID
34.7142093178,32.2739565153,Oil spill,2019-04-12T03:50:40Z,DARTIS_2019,S1B_IW_GRDH_1SDV_20190412T035040_20190412T035105_015768_01D985_9F88.SAFE,Unverified,Imported from DARTIS_2019.tab; deduplicated by Sentinel ID
31.8922278820,33.0914131982,Oil spill,2019-04-12T03:50:40Z,DARTIS_2019,S1B_IW_GRDH_1SDV_20190412T035130_20190412T035155_015768_01D985_E914.SAFE,Unverified,Imported from DARTIS_2019.tab; deduplicated by Sentinel ID
34.6300877752,34.1549358591,Oil spill,2019-04-12T15:40:08Z,DARTIS_2019,S1A_IW_GRDH_1SDV_20190412T154123_20190412T154148_026759_03016C_2C5E.SAFE,Unverified,Imported from DARTIS_2019.tab; deduplicated by Sentinel ID
34.2236863467,31.2706701170,Oil spill,2019-04-16T15:56:41Z,DARTIS_2019,S1B_IW_GRDH_1SDV_20190416T155710_20190416T155735_015834_01DBB3_443C.SAFE,Unverified,Imported from DARTIS_2019.tab; deduplicated by Sentinel ID
31.6768933088,30.7092013848,Oil spill,2019-04-22T15:56:38Z,DARTIS_2019,S1A_IW_GRDH_1SDV_20190422T155703_20190422T155728_026905_0306B7_01CA.SAFE,Unverified,Imported from DARTIS_2019.tab; deduplicated by Sentinel ID
34.6751603098,31.8291769237,Oil spill,2019-04-22T15:56:38Z,DARTIS_2019,S1A_IW_GRDH_1SDV_20190422T155753_20190422T155818_026905_0306B7_9E35.SAFE,Unverified,Imported from DARTIS_2019.tab; deduplicated by Sentinel ID
31.6204957090,30.1882568440,Oil spill,2019-04-23T03:59:28Z,DARTIS_2019,S1A_IW_GRDH_1SDV_20190423T040043_20190423T040108_026912_0306F7_63E0.SAFE;S1A_IW_GRDH_1SDV_20190423T040018_20190423T040043_026912_0306F7_E21A.SAFE,Unverified,Imported from DARTIS_2019.tab; deduplicated by Sentinel ID
31.4987931476,32.7434120840,Oil spill,2019-04-23T15:47:46Z,DARTIS_2019,S1B_IW_GRDH_1SDV_20190423T154811_20190423T154836_015936_01DF14_D0D6.SAFE,Unverified,Imported from DARTIS_2019.tab; deduplicated by Sentinel ID
33.9437153703,33.6218334037,Oil spill,2019-04-23T15:47:46Z,DARTIS_2019,S1B_IW_GRDH_1SDV_20190423T154836_20190423T154901_015936_01DF14_E7F4.SAFE,Unverified,Imported from DARTIS_2019.tab; deduplicated by Sentinel ID
34.6886952406,31.8452793875,Oil spill,2019-04-24T03:50:41Z,DARTIS_2019,S1B_IW_GRDH_1SDV_20190424T035041_20190424T035106_015943_01DF52_4650.SAFE,Unverified,Imported from DARTIS_2019.tab; deduplicated by Sentinel ID
34.5214761786,35.4730339339,Oil spill,2019-04-24T15:40:08Z,DARTIS_2019,S1A_IW_GRDH_1SDV_20190424T154123_20190424T154148_026934_0307C2_8DFF.SAFE,Unverified,Imported from DARTIS_2019.tab; deduplicated by Sentinel ID
32.0987244906,32.7963479341,Oil spill,2019-04-25T03:42:58Z,DARTIS_2019,S1A_IW_GRDH_1SDV_20190425T034413_20190425T034438_026941_030806_CB88.SAFE;S1A_IW_GRDH_1SDV_20190425T034348_20190425T034413_026941_030806_FC8B.SAFE,Unverified,Imported from DARTIS_2019.tab; deduplicated by Sentinel ID
34.5071126312,35.3408384423,Oil spill,2019-04-25T03:42:58Z,DARTIS_2019,S1A_IW_GRDH_1SDV_20190425T034323_20190425T034348_026941_030806_C553.SAFE,Unverified,Imported from DARTIS_2019.tab; deduplicated by Sentinel ID
32.2660467235,32.8199435222,Oil spill,2019-04-25T03:42:58Z,DARTIS_2019,S1A_IW_GRDH_1SDV_20190425T034348_20190425T034413_026941_030806_FC8B.SAFE,Unverified,Imported from DARTIS_2019.tab; deduplicated by Sentinel ID
34.6336272225,35.3783158617,Oil spill,2019-04-26T03:34:09Z,DARTIS_2019,S1B_IW_GRDH_1SDV_20190426T033434_20190426T033459_015972_01E03C_59CB.SAFE;S1B_IW_GRDH_1SDV_20190426T033409_20190426T033434_015972_01E03C_2784.SAFE,Unverified,Imported from DARTIS_2019.tab; deduplicated by Sentinel ID
31.5680397628,30.1707254254,Oil spill,2019-04-27T16:04:50Z,DARTIS_2019,S1A_IW_GRDH_1SDV_20190427T160515_20190427T160540_026978_03096D_9164.SAFE,Unverified,Imported from DARTIS_2019.tab; deduplicated by Sentinel ID
31.8935557134,31.8241824472,Oil spill,2019-04-28T15:56:11Z,DARTIS_2019,S1B_IW_GRDH_1SDV_20190428T155611_20190428T155636_016009_01E182_C2CE.SAFE,Unverified,Imported from DARTIS_2019.tab; deduplicated by Sentinel ID
34.5265460818,30.7389812826,Oil spill,2019-04-28T15:56:42Z,DARTIS_2019,S1B_IW_GRDH_1SDV_20190428T155711_20190428T155736_016009_01E183_B373.SAFE,Unverified,Imported from DARTIS_2019.tab; deduplicated by Sentinel ID
34.5832247474,30.5517288559,Oil spill,2019-04-29T03:58:51Z,DARTIS_2019,S1B_IW_GRDH_1SDV_20190429T035851_20190429T035916_016016_01E1C8_1C16.SAFE,Unverified,Imported from DARTIS_2019.tab; deduplicated by Sentinel ID
33.9648777895,30.1129916992,Oil spill,2019-04-29T03:58:51Z,DARTIS_2019,S1B_IW_GRDH_1SDV_20190429T035916_20190429T035941_016016_01E1C8_BA61.SAFE,Unverified,Imported from DARTIS_2019.tab; deduplicated by Sentinel ID
33.6280640988,32.4271169131,Oil spill,2019-04-29T15:48:37Z,DARTIS_2019,S1A_IW_GRDH_1SDV_20190429T154927_20190429T154952_027007_030A73_C58E.SAFE,Unverified,Imported from DARTIS_2019.tab; deduplicated by Sentinel ID
31.3335868990,32.6264522898,Oil spill,2019-04-29T15:48:37Z,DARTIS_2019,S1A_IW_GRDH_1SDV_20190429T154837_20190429T154902_027007_030A73_8C50.SAFE,Unverified,Imported from DARTIS_2019.tab; deduplicated by Sentinel ID
31.8715615062,32.6191393569,Oil spill,2019-04-29T15:48:37Z,DARTIS_2019,S1A_IW_GRDH_1SDV_20190429T154902_20190429T154927_027007_030A73_CA6D.SAFE,Unverified,Imported from DARTIS_2019.tab; deduplicated by Sentinel ID
32.8382491013,32.6380939257,Oil spill,2019-04-30T03:51:18Z,DARTIS_2019,S1A_IW_GRDH_1SDV_20190430T035208_20190430T035233_027014_030AB6_6298.SAFE,Unverified,Imported from DARTIS_2019.tab; deduplicated by Sentinel ID
31.4155751241,32.3077169435,Oil spill,2019-04-30T03:51:18Z,DARTIS_2019,S1A_IW_GRDH_1SDV_20190430T035233_20190430T035259_027014_030AB6_B4D3.SAFE;S1A_IW_GRDH_1SDV_20190430T035208_20190430T035233_027014_030AB6_6298.SAFE,Unverified,Imported from DARTIS_2019.tab; deduplicated by Sentinel ID
31.2789592293,32.8807621059,Oil spill,2019-04-30T03:51:18Z,DARTIS_2019,S1A_IW_GRDH_1SDV_20190430T035233_20190430T035259_027014_030AB6_B4D3.SAFE,Unverified,Imported from DARTIS_2019.tab; deduplicated by Sentinel ID
34.4548720673,33.9038942093,Oil spill,2019-04-30T15:39:43Z,DARTIS_2019,S1B_IW_GRDH_1SDV_20190430T154033_20190430T154058_016038_01E28F_07FE.SAFE,Unverified,Imported from DARTIS_2019.tab; deduplicated by Sentinel ID
34.3541346719,33.6598119578,Oil spill,2019-05-01T03:42:19Z,DARTIS_2019,S1B_IW_GRDH_1SDV_20190501T034244_20190501T034309_016045_01E2CB_793F.SAFE,Unverified,Imported from DARTIS_2019.tab; deduplicated by Sentinel ID
32.6727967230,34.5649567234,Oil spill,2019-05-01T03:42:19Z,DARTIS_2019,S1B_IW_GRDH_1SDV_20190501T034309_20190501T034334_016045_01E2CB_53B9.SAFE,Unverified,Imported from DARTIS_2019.tab; deduplicated by Sentinel ID
31.9469067915,32.7369772425,Oil spill,2019-05-01T03:42:19Z,DARTIS_2019,S1B_IW_GRDH_1SDV_20190501T034334_20190501T034359_016045_01E2CB_7F2B.SAFE;S1B_IW_GRDH_1SDV_20190501T034309_20190501T034334_016045_01E2CB_53B9.SAFE,Unverified,Imported from DARTIS_2019.tab; deduplicated by Sentinel ID
31.7300661233,32.2524824280,Oil spill,2019-05-04T15:56:39Z,DARTIS_2019,S1A_IW_GRDH_1SDV_20190504T155704_20190504T155729_027080_030D1A_1E63.SAFE,Unverified,Imported from DARTIS_2019.tab; deduplicated by Sentinel ID
34.4576064971,33.6261199662,Oil spill,2019-05-05T15:47:47Z,DARTIS_2019,S1B_IW_GRDH_1SDV_20190505T154902_20190505T154927_016111_01E4F1_B729.SAFE;S1B_IW_GRDH_1SDV_20190505T154837_20190505T154902_016111_01E4F1_83FC.SAFE,Unverified,Imported from DARTIS_2019.tab; deduplicated by Sentinel ID
33.6200405248,32.5623648113,Oil spill,2019-05-06T03:50:41Z,DARTIS_2019,S1B_IW_GRDH_1SDV_20190506T035106_20190506T035131_016118_01E530_B2A0.SAFE,Unverified,Imported from DARTIS_2019.tab; deduplicated by Sentinel ID
31.6227439038,32.1084877372,Oil spill,2019-05-06T03:50:41Z,DARTIS_2019,S1B_IW_GRDH_1SDV_20190506T035131_20190506T035156_016118_01E530_855F.SAFE,Unverified,Imported from DARTIS_2019.tab; deduplicated by Sentinel ID
33.7521753255,34.9329444326,Oil spill,2019-05-07T03:42:58Z,DARTIS_2019,S1A_IW_GRDH_1SDV_20190507T034323_20190507T034348_027116_030E69_EB1D.SAFE,Unverified,Imported from DARTIS_2019.tab; deduplicated by Sentinel ID
31.6354913942,30.1272906485,Oil spill,2019-05-09T16:04:50Z,DARTIS_2019,S1A_IW_GRDH_1SDV_20190509T160515_20190509T160540_027153_030F91_9213.SAFE,Unverified,Imported from DARTIS_2019.tab; deduplicated by Sentinel ID
31.5807813744,32.1647647245,Oil spill,2019-05-10T15:56:11Z,DARTIS_2019,S1B_IW_GRDH_1SDV_20190510T155611_20190510T155636_016184_01E73C_075F.SAFE,Unverified,Imported from DARTIS_2019.tab; deduplicated by Sentinel ID
33.1880736584,30.2278389819,Oil spill,2019-05-10T15:56:42Z,DARTIS_2019,S1B_IW_GRDH_1SDV_20190510T155642_20190510T155711_016184_01E73D_7764.SAFE,Unverified,Imported from DARTIS_2019.tab; deduplicated by Sentinel ID
31.4482193698,30.0542966023,Oil spill,2019-05-11T03:58:51Z,DARTIS_2019,S1B_IW_GRDH_1SDV_20190511T040006_20190511T040030_016191_01E77E_DF94.SAFE;S1B_IW_GRDH_1SDV_20190511T035941_20190511T040006_016191_01E77E_E4AA.SAFE,Unverified,Imported from DARTIS_2019.tab; deduplicated by Sentinel ID
31.7099145621,34.2961933255,Oil spill,2019-05-11T15:48:37Z,DARTIS_2019,S1A_IW_GRDH_1SDV_20190511T154837_20190511T154902_027182_031070_1CA1.SAFE,Unverified,Imported from DARTIS_2019.tab; deduplicated by Sentinel ID
32.9857896125,32.5717914649,Oil spill,2019-05-11T15:48:37Z,DARTIS_2019,S1A_IW_GRDH_1SDV_20190511T154902_20190511T154927_027182_031070_D831.SAFE,Unverified,Imported from DARTIS_2019.tab; deduplicated by Sentinel ID
32.3259521878,31.3385571628,Oil spill,2019-05-12T03:51:18Z,DARTIS_2019,S1A_IW_GRDH_1SDV_20190512T035208_20190512T035233_027189_0310AB_E893.SAFE,Unverified,Imported from DARTIS_2019.tab; deduplicated by Sentinel ID
34.1768793486,34.2391683425,Oil spill,2019-05-12T15:39:43Z,DARTIS_2019,S1B_IW_GRDH_1SDV_20190512T154033_20190512T154058_016213_01E833_AEAB.SAFE,Unverified,Imported from DARTIS_2019.tab; deduplicated by Sentinel ID
34.4893685233,33.8661330137,Oil spill,2019-05-13T03:42:19Z,DARTIS_2019,S1B_IW_GRDH_1SDV_20190513T034244_20190513T034309_016220_01E86A_B3F7.SAFE,Unverified,Imported from DARTIS_2019.tab; deduplicated by Sentinel ID
31.4533995989,32.8160662294,Oil spill,2019-05-13T03:42:19Z,DARTIS_2019,S1B_IW_GRDH_1SDV_20190513T034334_20190513T034359_016220_01E86A_D898.SAFE,Unverified,Imported from DARTIS_2019.tab; deduplicated by Sentinel ID
31.5523912134,30.1140373268,Oil spill,2019-05-15T16:04:06Z,DARTIS_2019,S1B_IW_GRDH_1SDV_20190515T160431_20190515T160456_016257_01E988_22CD.SAFE,Unverified,Imported from DARTIS_2019.tab; deduplicated by Sentinel ID
31.8422065941,31.9493435819,Oil spill,2019-05-16T15:56:39Z,DARTIS_2019,S1A_IW_GRDH_1SDV_20190516T155704_20190516T155729_027255_0312B7_4067.SAFE,Unverified,Imported from DARTIS_2019.tab; deduplicated by Sentinel ID
32.9814986384,30.7630087940,Oil spill,2019-05-16T15:56:39Z,DARTIS_2019,S1A_IW_GRDH_1SDV_20190516T155729_20190516T155754_027255_0312B7_C2C9.SAFE,Unverified,Imported from DARTIS_2019.tab; deduplicated by Sentinel ID
34.1373849474,32.0848464854,Oil spill,2019-05-18T03:50:42Z,DARTIS_2019,S1B_IW_GRDH_1SDV_20190518T035107_20190518T035132_016293_01EAA1_3D2D.SAFE,Unverified,Imported from DARTIS_2019.tab; deduplicated by Sentinel ID
32.1865818514,31.1070330982,Oil spill,2019-05-18T03:50:42Z,DARTIS_2019,S1B_IW_GRDH_1SDV_20190518T035132_20190518T035157_016293_01EAA1_93CF.SAFE,Unverified,Imported from DARTIS_2019.tab; deduplicated by Sentinel ID
32.2711864783,34.1917525876,Oil spill,2019-05-18T15:40:09Z,DARTIS_2019,S1A_IW_GRDH_1SDV_20190518T154059_20190518T154124_027284_03139E_2F70.SAFE;S1A_IW_GRDH_1SDV_20190518T154034_20190518T154059_027284_03139E_215A.SAFE,Unverified,Imported from DARTIS_2019.tab; deduplicated by Sentinel ID
33.9725908766,34.6967793253,Oil spill,2019-05-18T15:40:09Z,DARTIS_2019,S1A_IW_GRDH_1SDV_20190518T154124_20190518T154149_027284_03139E_D17A.SAFE;S1A_IW_GRDH_1SDV_20190518T154059_20190518T154124_027284_03139E_2F70.SAFE,Unverified,Imported from DARTIS_2019.tab; deduplicated by Sentinel ID
34.1402283845,34.4269899104,Oil spill,2019-05-18T15:40:09Z,DARTIS_2019,S1A_IW_GRDH_1SDV_20190518T154124_20190518T154149_027284_03139E_D17A.SAFE,Unverified,Imported from DARTIS_2019.tab; deduplicated by Sentinel ID
34.4548700410,34.3558352923,Oil spill,2019-05-19T03:42:59Z,DARTIS_2019,S1A_IW_GRDH_1SDV_20190519T034324_20190519T034349_027291_0313E1_6AC9.SAFE,Unverified,Imported from DARTIS_2019.tab; deduplicated by Sentinel ID
33.4575450949,33.6436927353,Oil spill,2019-05-19T03:42:59Z,DARTIS_2019,S1A_IW_GRDH_1SDV_20190519T034349_20190519T034414_027291_0313E1_57A7.SAFE;S1A_IW_GRDH_1SDV_20190519T034324_20190519T034349_027291_0313E1_6AC9.SAFE,Unverified,Imported from DARTIS_2019.tab; deduplicated by Sentinel ID
31.4785346106,32.7470974203,Oil spill,2019-05-19T03:42:59Z,DARTIS_2019,S1A_IW_GRDH_1SDV_20190519T034414_20190519T034439_027291_0313E1_23BF.SAFE,Unverified,Imported from DARTIS_2019.tab; deduplicated by Sentinel ID
31.6465070942,32.3663225845,Oil spill,2019-05-22T15:56:12Z,DARTIS_2019,S1B_IW_GRDH_1SDV_20190522T155612_20190522T155637_016359_01ECA6_FD96.SAFE,Unverified,Imported from DARTIS_2019.tab; deduplicated by Sentinel ID
32.6632713112,31.0268989384,Oil spill,2019-05-22T15:56:43Z,DARTIS_2019,S1B_IW_GRDH_1SDV_20190522T155643_20190522T155712_016359_01ECA7_4C33.SAFE,Unverified,Imported from DARTIS_2019.tab; deduplicated by Sentinel ID
32.6690874309,30.9653875188,Oil spill,2019-05-23T03:58:52Z,DARTIS_2019,S1B_IW_GRDH_1SDV_20190523T035942_20190523T040007_016366_01ECE8_9951.SAFE,Unverified,Imported from DARTIS_2019.tab; deduplicated by Sentinel ID
31.2741097820,32.7841637313,Oil spill,2019-05-23T15:48:38Z,DARTIS_2019,S1A_IW_GRDH_1SDV_20190523T154838_20190523T154903_027357_0315EA_5427.SAFE,Unverified,Imported from DARTIS_2019.tab; deduplicated by Sentinel ID
33.0769284269,32.2634884986,Oil spill,2019-05-23T15:48:38Z,DARTIS_2019,S1A_IW_GRDH_1SDV_20190523T154903_20190523T154928_027357_0315EA_95BE.SAFE,Unverified,Imported from DARTIS_2019.tab; deduplicated by Sentinel ID
33.3324264290,33.1690992394,Oil spill,2019-05-24T03:51:19Z,DARTIS_2019,S1A_IW_GRDH_1SDV_20190524T035144_20190524T035209_027364_031625_287A.SAFE,Unverified,Imported from DARTIS_2019.tab; deduplicated by Sentinel ID
32.3720034143,31.9639300979,Oil spill,2019-05-24T03:51:19Z,DARTIS_2019,S1A_IW_GRDH_1SDV_20190524T035209_20190524T035234_027364_031625_B50F.SAFE,Unverified,Imported from DARTIS_2019.tab; deduplicated by Sentinel ID
33.7373521795,34.6842239974,Oil spill,2019-05-24T15:39:44Z,DARTIS_2019,S1B_IW_GRDH_1SDV_20190524T154034_20190524T154059_016388_01ED9E_45F8.SAFE,Unverified,Imported from DARTIS_2019.tab; deduplicated by Sentinel ID
33.5581070484,35.0039260864,Oil spill,2019-05-25T03:42:20Z,DARTIS_2019,S1B_IW_GRDH_1SDV_20190525T034245_20190525T034310_016395_01EDD2_086E.SAFE,Unverified,Imported from DARTIS_2019.tab; deduplicated by Sentinel ID
32.6180835964,34.7502125419,Oil spill,2019-05-25T03:42:20Z,DARTIS_2019,S1B_IW_GRDH_1SDV_20190525T034310_20190525T034335_016395_01EDD2_3C73.SAFE,Unverified,Imported from DARTIS_2019.tab; deduplicated by Sentinel ID
31.4861896590,34.2280616406,Oil spill,2019-05-25T03:42:20Z,DARTIS_2019,S1B_IW_GRDH_1SDV_20190525T034335_20190525T034400_016395_01EDD2_0888.SAFE,Unverified,Imported from DARTIS_2019.tab; deduplicated by Sentinel ID
31.5674340124,30.0752842444,Oil spill,2019-05-27T16:04:07Z,DARTIS_2019,S1B_IW_GRDH_1SDV_20190527T160432_20190527T160457_016432_01EEE6_D19F.SAFE,Unverified,Imported from DARTIS_2019.tab; deduplicated by Sentinel ID
33.2209905794,30.2096426948,Oil spill,2019-05-28T15:56:40Z,DARTIS_2019,S1A_IW_GRDH_1SDV_20190528T155730_20190528T155755_027430_03182C_4CA8.SAFE,Unverified,Imported from DARTIS_2019.tab; deduplicated by Sentinel ID
31.6979057827,30.3745479555,Oil spill,2019-05-28T15:56:40Z,DARTIS_2019,S1A_IW_GRDH_1SDV_20190528T155705_20190528T155730_027430_03182C_0E32.SAFE,Unverified,Imported from DARTIS_2019.tab; deduplicated by Sentinel ID
34.6894289085,30.1187990176,Oil spill,2019-05-28T15:56:40Z,DARTIS_2019,S1A_IW_GRDH_1SDV_20190528T155755_20190528T155820_027430_03182C_A8F6.SAFE,Unverified,Imported from DARTIS_2019.tab; deduplicated by Sentinel ID
34.5086790848,31.5225618005,Oil spill,2019-05-29T03:59:29Z,DARTIS_2019,S1A_IW_GRDH_1SDV_20190529T035954_20190529T040019_027437_031860_E8F6.SAFE,Unverified,Imported from DARTIS_2019.tab; deduplicated by Sentinel ID
31.8512691170,30.6090621615,Oil spill,2019-05-29T03:59:29Z,DARTIS_2019,S1A_IW_GRDH_1SDV_20190529T040019_20190529T040044_027437_031860_421A.SAFE,Unverified,Imported from DARTIS_2019.tab; deduplicated by Sentinel ID
33.5494487029,34.0311235614,Oil spill,2019-05-29T15:47:48Z,DARTIS_2019,S1B_IW_GRDH_1SDV_20190529T154838_20190529T154903_016461_01EFC4_8B41.SAFE,Unverified,Imported from DARTIS_2019.tab; deduplicated by Sentinel ID
31.8267762682,32.6790402717,Oil spill,2019-05-30T03:50:42Z,DARTIS_2019,S1B_IW_GRDH_1SDV_20190530T035132_20190530T035157_016468_01EFFB_A41B.SAFE,Unverified,Imported from DARTIS_2019.tab; deduplicated by Sentinel ID
32.9629579220,34.3013961814,Oil spill,2019-05-30T15:40:10Z,DARTIS_2019,S1A_IW_GRDH_1SDV_20190530T154100_20190530T154125_027459_031913_DA3E.SAFE,Unverified,Imported from DARTIS_2019.tab; deduplicated by Sentinel ID
33.5331801745,34.4448525732,Oil spill,2019-05-31T03:43:00Z,DARTIS_2019,S1A_IW_GRDH_1SDV_20190531T034325_20190531T034350_027466_031954_4726.SAFE,Unverified,Imported from DARTIS_2019.tab; deduplicated by Sentinel ID
32.8479931118,34.1947348408,Oil spill,2019-05-31T03:43:00Z,DARTIS_2019,S1A_IW_GRDH_1SDV_20190531T034350_20190531T034415_027466_031954_419E.SAFE,Unverified,Imported from DARTIS_2019.tab; deduplicated by Sentinel ID
31.3836421418,32.6232813013,Oil spill,2019-05-31T03:43:00Z,DARTIS_2019,S1A_IW_GRDH_1SDV_20190531T034415_20190531T034440_027466_031954_0C0D.SAFE,Unverified,Imported from DARTIS_2019.tab; deduplicated by Sentinel ID
31.4322431667,32.2694121093,Oil spill,2019-06-03T15:56:13Z,DARTIS_2019,S1B_IW_GRDH_1SDV_20190603T155613_20190603T155637_016534_01F1F4_6FF3.SAFE,Unverified,Imported from DARTIS_2019.tab; deduplicated by Sentinel ID
33.6814807866,30.4112608951,Oil spill,2019-06-03T15:56:43Z,DARTIS_2019,S1B_IW_GRDH_1SDV_20190603T155643_20190603T155712_016534_01F1F5_107F.SAFE,Unverified,Imported from DARTIS_2019.tab; deduplicated by Sentinel ID
34.4898172920,30.8406664816,Oil spill,2019-06-03T15:56:43Z,DARTIS_2019,S1B_IW_GRDH_1SDV_20190603T155712_20190603T155737_016534_01F1F5_67D1.SAFE,Unverified,Imported from DARTIS_2019.tab; deduplicated by Sentinel ID
33.1260641310,30.3860159908,Oil spill,2019-06-04T03:58:53Z,DARTIS_2019,S1B_IW_GRDH_1SDV_20190604T035918_20190604T035943_016541_01F237_3B25.SAFE,Unverified,Imported from DARTIS_2019.tab; deduplicated by Sentinel ID
34.4935016772,32.7693915282,Oil spill,2019-06-04T15:48:38Z,DARTIS_2019,S1A_IW_GRDH_1SDV_20190604T154928_20190604T154953_027532_031B5A_1FA3.SAFE,Unverified,Imported from DARTIS_2019.tab; deduplicated by Sentinel ID
31.5068406266,32.7629996229,Oil spill,2019-06-05T03:51:19Z,DARTIS_2019,S1A_IW_GRDH_1SDV_20190605T035209_20190605T035234_027539_031B8E_FFE0.SAFE,Unverified,Imported from DARTIS_2019.tab; deduplicated by Sentinel ID
34.4341688256,34.4214142217,Oil spill,2019-06-05T15:39:45Z,DARTIS_2019,S1B_IW_GRDH_1SDV_20190605T154035_20190605T154100_016563_01F2E3_849B.SAFE,Unverified,Imported from DARTIS_2019.tab; deduplicated by Sentinel ID
34.3653676379,34.4471665310,Oil spill,2019-06-06T03:42:21Z,DARTIS_2019,S1B_IW_GRDH_1SDV_20190606T034246_20190606T034311_016570_01F315_F9B4.SAFE,Unverified,Imported from DARTIS_2019.tab; deduplicated by Sentinel ID
33.0741359559,32.0590228489,Oil spill,2019-06-09T15:56:40Z,DARTIS_2019,S1A_IW_GRDH_1SDV_20190609T155730_20190609T155755_027605_031D91_51DD.SAFE,Unverified,Imported from DARTIS_2019.tab; deduplicated by Sentinel ID
34.5590503578,31.4392413523,Oil spill,2019-06-10T03:59:30Z,DARTIS_2019,S1A_IW_GRDH_1SDV_20190610T035955_20190610T040020_027612_031DBE_1D43.SAFE;S1A_IW_GRDH_1SDV_20190610T035930_20190610T035955_027612_031DBE_CF47.SAFE,Unverified,Imported from DARTIS_2019.tab; deduplicated by Sentinel ID
32.5777412467,31.0714170266,Oil spill,2019-06-10T03:59:30Z,DARTIS_2019,S1A_IW_GRDH_1SDV_20190610T040020_20190610T040045_027612_031DBE_747E.SAFE,Unverified,Imported from DARTIS_2019.tab; deduplicated by Sentinel ID
31.7007771732,30.5142250773,Oil spill,2019-06-10T03:59:30Z,DARTIS_2019,S1A_IW_GRDH_1SDV_20190610T040045_20190610T040110_027612_031DBE_F456.SAFE;S1A_IW_GRDH_1SDV_20190610T040020_20190610T040045_027612_031DBE_747E.SAFE,Unverified,Imported from DARTIS_2019.tab; deduplicated by Sentinel ID
31.4277024440,30.1029104870,Oil spill,2019-06-10T03:59:30Z,DARTIS_2019,S1A_IW_GRDH_1SDV_20190610T040045_20190610T040110_027612_031DBE_F456.SAFE,Unverified,Imported from DARTIS_2019.tab; deduplicated by Sentinel ID
32.0223751575,32.9747229460,Oil spill,2019-06-10T15:47:48Z,DARTIS_2019,S1B_IW_GRDH_1SDV_20190610T154813_20190610T154838_016636_01F4FD_EE80.SAFE,Unverified,Imported from DARTIS_2019.tab; deduplicated by Sentinel ID
31.3583932280,33.2655257669,Oil spill,2019-06-10T15:47:48Z,DARTIS_2019,S1B_IW_GRDH_1SDV_20190610T154813_20190610T154838_016636_01F4FD_EE80.SAFE;S1B_IW_GRDH_1SDV_20190610T154748_20190610T154813_016636_01F4FD_BBE4.SAFE,Unverified,Imported from DARTIS_2019.tab; deduplicated by Sentinel ID
33.0650954506,32.1242315895,Oil spill,2019-06-10T15:47:48Z,DARTIS_2019,S1B_IW_GRDH_1SDV_20190610T154838_20190610T154903_016636_01F4FD_6C1D.SAFE,Unverified,Imported from DARTIS_2019.tab; deduplicated by Sentinel ID
34.4848661591,31.4947297829,Oil spill,2019-06-10T15:47:48Z,DARTIS_2019,S1B_IW_GRDH_1SDV_20190610T154903_20190610T154928_016636_01F4FD_9997.SAFE,Unverified,Imported from DARTIS_2019.tab; deduplicated by Sentinel ID
34.3931999794,31.2161444971,Oil spill,2019-06-11T03:50:43Z,DARTIS_2019,S1B_IW_GRDH_1SDV_20190611T035108_20190611T035133_016643_01F530_8AD0.SAFE;S1B_IW_GRDH_1SDV_20190611T035043_20190611T035108_016643_01F530_F253.SAFE,Unverified,Imported from DARTIS_2019.tab; deduplicated by Sentinel ID
31.5108712115,32.7078195569,Oil spill,2019-06-11T03:50:43Z,DARTIS_2019,S1B_IW_GRDH_1SDV_20190611T035133_20190611T035158_016643_01F530_8193.SAFE,Unverified,Imported from DARTIS_2019.tab; deduplicated by Sentinel ID
34.3628816077,34.5993061127,Oil spill,2019-06-11T15:40:10Z,DARTIS_2019,S1A_IW_GRDH_1SDV_20190611T154125_20190611T154150_027634_031E6E_BCB3.SAFE,Unverified,Imported from DARTIS_2019.tab; deduplicated by Sentinel ID
34.3123813678,34.5066699286,Oil spill,2019-06-12T03:43:00Z,DARTIS_2019,S1A_IW_GRDH_1SDV_20190612T034325_20190612T034350_027641_031EA9_55D4.SAFE,Unverified,Imported from DARTIS_2019.tab; deduplicated by Sentinel ID
33.1383345864,33.6978880992,Oil spill,2019-06-12T03:43:00Z,DARTIS_2019,S1A_IW_GRDH_1SDV_20190612T034350_20190612T034415_027641_031EA9_1964.SAFE,Unverified,Imported from DARTIS_2019.tab; deduplicated by Sentinel ID
31.5150745345,32.7797754243,Oil spill,2019-06-12T03:43:00Z,DARTIS_2019,S1A_IW_GRDH_1SDV_20190612T034415_20190612T034440_027641_031EA9_6044.SAFE,Unverified,Imported from DARTIS_2019.tab; deduplicated by Sentinel ID
31.6627472932,30.5532287706,Oil spill,2019-06-15T15:56:13Z,DARTIS_2019,S1B_IW_GRDH_1SDV_20190615T155613_20190615T155638_016709_01F729_3F2F.SAFE,Unverified,Imported from DARTIS_2019.tab; deduplicated by Sentinel ID
33.0513780441,32.1285813904,Oil spill,2019-06-15T15:56:44Z,DARTIS_2019,S1B_IW_GRDH_1SDV_20190615T155644_20190615T155713_016709_01F72A_CB72.SAFE,Unverified,Imported from DARTIS_2019.tab; deduplicated by Sentinel ID
31.6184236557,30.7403791688,Oil spill,2019-06-16T03:58:53Z,DARTIS_2019,S1B_IW_GRDH_1SDV_20190616T035943_20190616T040008_016716_01F766_771C.SAFE,Unverified,Imported from DARTIS_2019.tab; deduplicated by Sentinel ID
31.4213397196,30.1095707114,Oil spill,2019-06-16T03:58:53Z,DARTIS_2019,S1B_IW_GRDH_1SDV_20190616T040008_20190616T040032_016716_01F766_6FBC.SAFE;S1B_IW_GRDH_1SDV_20190616T035943_20190616T040008_016716_01F766_771C.SAFE,Unverified,Imported from DARTIS_2019.tab; deduplicated by Sentinel ID
32.2895971688,32.9080716236,Oil spill,2019-06-16T15:48:39Z,DARTIS_2019,S1A_IW_GRDH_1SDV_20190616T154904_20190616T154929_027707_0320A3_CB6F.SAFE,Unverified,Imported from DARTIS_2019.tab; deduplicated by Sentinel ID
32.9831668186,32.3078815585,Oil spill,2019-06-17T03:51:20Z,DARTIS_2019,S1A_IW_GRDH_1SDV_20190617T035210_20190617T035235_027714_0320D5_307F.SAFE;S1A_IW_GRDH_1SDV_20190617T035145_20190617T035210_027714_0320D5_4009.SAFE,Unverified,Imported from DARTIS_2019.tab; deduplicated by Sentinel ID
32.9831241860,30.9140896770,Oil spill,2019-06-17T03:51:20Z,DARTIS_2019,S1A_IW_GRDH_1SDV_20190617T035210_20190617T035235_027714_0320D5_307F.SAFE,Unverified,Imported from DARTIS_2019.tab; deduplicated by Sentinel ID
32.9097021013,34.5612848264,Oil spill,2019-06-17T15:39:46Z,DARTIS_2019,S1B_IW_GRDH_1SDV_20190617T154011_20190617T154036_016738_01F815_C47E.SAFE,Unverified,Imported from DARTIS_2019.tab; deduplicated by Sentinel ID
34.7051342114,35.4688095772,Oil spill,2019-06-17T15:39:46Z,DARTIS_2019,S1B_IW_GRDH_1SDV_20190617T154036_20190617T154101_016738_01F815_6C83.SAFE,Unverified,Imported from DARTIS_2019.tab; deduplicated by Sentinel ID
34.1185090131,34.2987700699,Oil spill,2019-06-18T03:42:21Z,DARTIS_2019,S1B_IW_GRDH_1SDV_20190618T034246_20190618T034311_016745_01F848_4829.SAFE,Unverified,Imported from DARTIS_2019.tab; deduplicated by Sentinel ID
32.7986445174,34.6203752954,Oil spill,2019-06-18T03:42:21Z,DARTIS_2019,S1B_IW_GRDH_1SDV_20190618T034311_20190618T034336_016745_01F848_5E80.SAFE,Unverified,Imported from DARTIS_2019.tab; deduplicated by Sentinel ID
33.6672843354,31.4286832560,Oil spill,2019-06-22T03:59:30Z,DARTIS_2019,S1A_IW_GRDH_1SDV_20190622T035955_20190622T040020_027787_0322FB_5391.SAFE,Unverified,Imported from DARTIS_2019.tab; deduplicated by Sentinel ID
31.4180503913,30.0674861777,Oil spill,2019-06-22T03:59:30Z,DARTIS_2019,S1A_IW_GRDH_1SDV_20190622T040045_20190622T040110_027787_0322FB_3F3F.SAFE,Unverified,Imported from DARTIS_2019.tab; deduplicated by Sentinel ID
31.1977795734,32.5716017724,Oil spill,2019-06-22T15:47:49Z,DARTIS_2019,S1B_IW_GRDH_1SDV_20190622T154814_20190622T154839_016811_01FA2F_42DF.SAFE;S1B_IW_GRDH_1SDV_20190622T154749_20190622T154814_016811_01FA2F_09AC.SAFE,Unverified,Imported from DARTIS_2019.tab; deduplicated by Sentinel ID
31.4124213622,32.4081679759,Oil spill,2019-06-22T15:47:49Z,DARTIS_2019,S1B_IW_GRDH_1SDV_20190622T154814_20190622T154839_016811_01FA2F_42DF.SAFE,Unverified,Imported from DARTIS_2019.tab; deduplicated by Sentinel ID
33.2707197605,33.9676571210,Oil spill,2019-06-22T15:47:49Z,DARTIS_2019,S1B_IW_GRDH_1SDV_20190622T154839_20190622T154904_016811_01FA2F_72AA.SAFE,Unverified,Imported from DARTIS_2019.tab; deduplicated by Sentinel ID
31.7936290195,32.7568679277,Oil spill,2019-06-23T03:50:44Z,DARTIS_2019,S1B_IW_GRDH_1SDV_20190623T035134_20190623T035159_016818_01FA62_D8E1.SAFE,Unverified,Imported from DARTIS_2019.tab; deduplicated by Sentinel ID
34.0676272670,32.8803180217,Oil spill,2019-06-23T03:50:44Z,DARTIS_2019,S1B_IW_GRDH_1SDV_20190623T035109_20190623T035134_016818_01FA62_8B22.SAFE,Unverified,Imported from DARTIS_2019.tab; deduplicated by Sentinel ID
34.1572214490,34.2869386604,Oil spill,2019-06-23T15:40:11Z,DARTIS_2019,S1A_IW_GRDH_1SDV_20190623T154126_20190623T154151_027809_0323A6_DF6C.SAFE,Unverified,Imported from DARTIS_2019.tab; deduplicated by Sentinel ID
32.4347012848,34.4272536637,Oil spill,2019-06-23T15:40:11Z,DARTIS_2019,S1A_IW_GRDH_1SDV_20190623T154101_20190623T154126_027809_0323A6_698E.SAFE,Unverified,Imported from DARTIS_2019.tab; deduplicated by Sentinel ID
32.4356466832,33.3339536250,Oil spill,2019-06-24T03:43:01Z,DARTIS_2019,S1A_IW_GRDH_1SDV_20190624T034351_20190624T034416_027816_0323DB_253E.SAFE,Unverified,Imported from DARTIS_2019.tab; deduplicated by Sentinel ID
32.0784477775,32.8139238073,Oil spill,2019-06-24T03:43:01Z,DARTIS_2019,S1A_IW_GRDH_1SDV_20190624T034416_20190624T034441_027816_0323DB_9B01.SAFE;S1A_IW_GRDH_1SDV_20190624T034351_20190624T034416_027816_0323DB_253E.SAFE,Unverified,Imported from DARTIS_2019.tab; deduplicated by Sentinel ID
31.7223528782,34.0779934471,Oil spill,2019-06-24T03:43:01Z,DARTIS_2019,S1A_IW_GRDH_1SDV_20190624T034416_20190624T034441_027816_0323DB_9B01.SAFE,Unverified,Imported from DARTIS_2019.tab; deduplicated by Sentinel ID
31.3916323827,30.2033329613,Oil spill,2019-06-26T16:04:52Z,DARTIS_2019,S1A_IW_GRDH_1SDV_20190626T160517_20190626T160542_027853_032501_FC2B.SAFE,Unverified,Imported from DARTIS_2019.tab; deduplicated by Sentinel ID
31.5976617456,31.6160969658,Oil spill,2019-06-27T15:56:14Z,DARTIS_2019,S1B_IW_GRDH_1SDV_20190627T155614_20190627T155639_016884_01FC51_DE9E.SAFE,Unverified,Imported from DARTIS_2019.tab; deduplicated by Sentinel ID
34.5017572520,30.2488396599,Oil spill,2019-06-27T15:56:45Z,DARTIS_2019,S1B_IW_GRDH_1SDV_20190627T155714_20190627T155739_016884_01FC52_8DA3.SAFE,Unverified,Imported from DARTIS_2019.tab; deduplicated by Sentinel ID
31.6909198645,30.7302001972,Oil spill,2019-06-28T03:58:54Z,DARTIS_2019,S1B_IW_GRDH_1SDV_20190628T035944_20190628T040009_016891_01FC8F_02B3.SAFE,Unverified,Imported from DARTIS_2019.tab; deduplicated by Sentinel ID
34.2104357317,35.5045875011,Oil spill,2019-07-01T03:34:58Z,DARTIS_2019,S1A_IW_GRDH_1SDV_20190701T033523_20190701T033548_027918_0326E9_06FF.SAFE,Unverified,Imported from DARTIS_2019.tab; deduplicated by Sentinel ID
31.3897391055,30.1987005585,Oil spill,2019-07-02T16:04:09Z,DARTIS_2019,S1B_IW_GRDH_1SDV_20190702T160434_20190702T160459_016957_01FE80_B1B5.SAFE,Unverified,Imported from DARTIS_2019.tab; deduplicated by Sentinel ID
33.1222684422,30.9342937209,Oil spill,2019-07-04T03:59:31Z,DARTIS_2019,S1A_IW_GRDH_1SDV_20190704T040021_20190704T040046_027962_032842_407B.SAFE;S1A_IW_GRDH_1SDV_20190704T035956_20190704T040021_027962_032842_24F2.SAFE,Unverified,Imported from DARTIS_2019.tab; deduplicated by Sentinel ID
32.8986586726,30.8405404531,Oil spill,2019-07-04T03:59:31Z,DARTIS_2019,S1A_IW_GRDH_1SDV_20190704T040021_20190704T040046_027962_032842_407B.SAFE,Unverified,Imported from DARTIS_2019.tab; deduplicated by Sentinel ID
31.2290683223,32.5824800778,Oil spill,2019-07-04T15:47:50Z,DARTIS_2019,S1B_IW_GRDH_1SDV_20190704T154815_20190704T154840_016986_01FF5D_EF00.SAFE;S1B_IW_GRDH_1SDV_20190704T154750_20190704T154815_016986_01FF5D_6295.SAFE,Unverified,Imported from DARTIS_2019.tab; deduplicated by Sentinel ID
32.0516739333,32.1715917896,Oil spill,2019-07-05T03:50:45Z,DARTIS_2019,S1B_IW_GRDH_1SDV_20190705T035135_20190705T035200_016993_01FF91_128D.SAFE,Unverified,Imported from DARTIS_2019.tab; deduplicated by Sentinel ID
32.9525922151,34.4973380723,Oil spill,2019-07-05T15:40:12Z,DARTIS_2019,S1A_IW_GRDH_1SDV_20190705T154102_20190705T154127_027984_0328EF_8C32.SAFE,Unverified,Imported from DARTIS_2019.tab; deduplicated by Sentinel ID
33.1951443286,31.6739932895,Oil spill,2019-07-09T15:56:46Z,DARTIS_2019,S1B_IW_GRDH_1SDV_20190709T155646_20190709T155715_017059_020187_97CC.SAFE,Unverified,Imported from DARTIS_2019.tab; deduplicated by Sentinel ID
33.1601523680,30.3636830553,Oil spill,2019-07-10T03:58:55Z,DARTIS_2019,S1B_IW_GRDH_1SDV_20190710T035920_20190710T035945_017066_0201C0_98FA.SAFE,Unverified,Imported from DARTIS_2019.tab; deduplicated by Sentinel ID
32.6373113959,30.7348362002,Oil spill,2019-07-10T03:58:55Z,DARTIS_2019,S1B_IW_GRDH_1SDV_20190710T035945_20190710T040010_017066_0201C0_A0D0.SAFE,Unverified,Imported from DARTIS_2019.tab; deduplicated by Sentinel ID
31.1638856090,32.6747823882,Oil spill,2019-07-10T15:48:40Z,DARTIS_2019,S1A_IW_GRDH_1SDV_20190710T154840_20190710T154905_028057_032B2E_7C5C.SAFE,Unverified,Imported from DARTIS_2019.tab; deduplicated by Sentinel ID
31.7999673549,32.7746650997,Oil spill,2019-07-10T15:48:40Z,DARTIS_2019,S1A_IW_GRDH_1SDV_20190710T154905_20190710T154930_028057_032B2E_E9D6.SAFE;S1A_IW_GRDH_1SDV_20190710T154840_20190710T154905_028057_032B2E_7C5C.SAFE,Unverified,Imported from DARTIS_2019.tab; deduplicated by Sentinel ID
31.8173566784,32.1826118677,Oil spill,2019-07-10T15:48:40Z,DARTIS_2019,S1A_IW_GRDH_1SDV_20190710T154905_20190710T154930_028057_032B2E_E9D6.SAFE,Unverified,Imported from DARTIS_2019.tab; deduplicated by Sentinel ID
34.6307329744,32.2849298628,Oil spill,2019-07-11T03:51:21Z,DARTIS_2019,S1A_IW_GRDH_1SDV_20190711T035121_20190711T035146_028064_032B5E_8132.SAFE,Unverified,Imported from DARTIS_2019.tab; deduplicated by Sentinel ID
34.5076033029,31.9527401575,Oil spill,2019-07-11T03:51:21Z,DARTIS_2019,S1A_IW_GRDH_1SDV_20190711T035146_20190711T035211_028064_032B5E_C727.SAFE,Unverified,Imported from DARTIS_2019.tab; deduplicated by Sentinel ID
32.7226230180,32.7024270786,Oil spill,2019-07-11T03:51:21Z,DARTIS_2019,S1A_IW_GRDH_1SDV_20190711T035211_20190711T035236_028064_032B5E_F1C5.SAFE,Unverified,Imported from DARTIS_2019.tab; deduplicated by Sentinel ID
31.3692174317,32.3601128028,Oil spill,2019-07-11T03:51:21Z,DARTIS_2019,S1A_IW_GRDH_1SDV_20190711T035236_20190711T035303_028064_032B5E_B97C.SAFE;S1A_IW_GRDH_1SDV_20190711T035211_20190711T035236_028064_032B5E_F1C5.SAFE,Unverified,Imported from DARTIS_2019.tab; deduplicated by Sentinel ID
31.5940019342,30.2437320245,Oil spill,2019-07-15T15:56:43Z,DARTIS_2019,S1A_IW_GRDH_1SDV_20190715T155708_20190715T155733_028130_032D5B_FC3B.SAFE,Unverified,Imported from DARTIS_2019.tab; deduplicated by Sentinel ID
32.5460885453,30.5472603187,Oil spill,2019-07-16T03:59:32Z,DARTIS_2019,S1A_IW_GRDH_1SDV_20190716T040022_20190716T040047_028137_032D90_2975.SAFE,Unverified,Imported from DARTIS_2019.tab; deduplicated by Sentinel ID
31.2988657580,32.5515617168,Oil spill,2019-07-16T15:47:51Z,DARTIS_2019,S1B_IW_GRDH_1SDV_20190716T154816_20190716T154841_017161_020487_EEF7.SAFE,Unverified,Imported from DARTIS_2019.tab; deduplicated by Sentinel ID
33.0745720967,32.7487432626,Oil spill,2019-07-16T15:47:51Z,DARTIS_2019,S1B_IW_GRDH_1SDV_20190716T154841_20190716T154906_017161_020487_A651.SAFE,Unverified,Imported from DARTIS_2019.tab; deduplicated by Sentinel ID
34.5184408822,31.7189718433,Oil spill,2019-07-16T15:47:51Z,DARTIS_2019,S1B_IW_GRDH_1SDV_20190716T154906_20190716T154931_017161_020487_E890.SAFE,Unverified,Imported from DARTIS_2019.tab; deduplicated by Sentinel ID
31.5090948346,32.7963674140,Oil spill,2019-07-18T03:43:03Z,DARTIS_2019,S1A_IW_GRDH_1SDV_20190718T034418_20190718T034443_028166_032E76_B00A.SAFE,Unverified,Imported from DARTIS_2019.tab; deduplicated by Sentinel ID
34.4609934430,34.7150496656,Oil spill,2019-07-18T03:43:03Z,DARTIS_2019,S1A_IW_GRDH_1SDV_20190718T034328_20190718T034353_028166_032E76_4818.SAFE,Unverified,Imported from DARTIS_2019.tab; deduplicated by Sentinel ID
32.0392855163,34.0162961602,Oil spill,2019-07-18T03:43:03Z,DARTIS_2019,S1A_IW_GRDH_1SDV_20190718T034353_20190718T034418_028166_032E76_4F04.SAFE,Unverified,Imported from DARTIS_2019.tab; deduplicated by Sentinel ID
34.5051698361,31.7137255663,Oil spill,2019-07-22T03:58:56Z,DARTIS_2019,S1B_IW_GRDH_1SDV_20190722T035856_20190722T035921_017241_0206D7_728A.SAFE,Unverified,Imported from DARTIS_2019.tab; deduplicated by Sentinel ID
32.1148415575,31.1786415985,Oil spill,2019-07-22T03:58:56Z,DARTIS_2019,S1B_IW_GRDH_1SDV_20190722T035946_20190722T040011_017241_0206D7_90B0.SAFE,Unverified,Imported from DARTIS_2019.tab; deduplicated by Sentinel ID
32.9853070465,32.3239496942,Oil spill,2019-07-22T15:48:41Z,DARTIS_2019,S1A_IW_GRDH_1SDV_20190722T154906_20190722T154931_028232_033073_7CD0.SAFE,Unverified,Imported from DARTIS_2019.tab; deduplicated by Sentinel ID
34.4615154537,31.9330774310,Oil spill,2019-07-22T15:48:41Z,DARTIS_2019,S1A_IW_GRDH_1SDV_20190722T154931_20190722T154956_028232_033073_685D.SAFE,Unverified,Imported from DARTIS_2019.tab; deduplicated by Sentinel ID
34.4909069507,31.9422965323,Oil spill,2019-07-23T03:51:22Z,DARTIS_2019,S1A_IW_GRDH_1SDV_20190723T035147_20190723T035212_028239_0330A7_B840.SAFE,Unverified,Imported from DARTIS_2019.tab; deduplicated by Sentinel ID
32.3565701713,31.2049675351,Oil spill,2019-07-23T03:51:22Z,DARTIS_2019,S1A_IW_GRDH_1SDV_20190723T035212_20190723T035237_028239_0330A7_A061.SAFE,Unverified,Imported from DARTIS_2019.tab; deduplicated by Sentinel ID
31.3469687275,32.3435834440,Oil spill,2019-07-23T03:51:22Z,DARTIS_2019,S1A_IW_GRDH_1SDV_20190723T035237_20190723T035304_028239_0330A7_2013.SAFE;S1A_IW_GRDH_1SDV_20190723T035212_20190723T035237_028239_0330A7_A061.SAFE,Unverified,Imported from DARTIS_2019.tab; deduplicated by Sentinel ID
34.4172088352,33.8678616267,Oil spill,2019-07-23T15:39:48Z,DARTIS_2019,S1B_IW_GRDH_1SDV_20190723T154038_20190723T154103_017263_020781_85CD.SAFE,Unverified,Imported from DARTIS_2019.tab; deduplicated by Sentinel ID
33.7265778271,34.6902171793,Oil spill,2019-07-24T03:42:23Z,DARTIS_2019,S1B_IW_GRDH_1SDV_20190724T034248_20190724T034313_017270_0207B2_7027.SAFE,Unverified,Imported from DARTIS_2019.tab; deduplicated by Sentinel ID
31.8181500401,33.6581366912,Oil spill,2019-07-24T03:42:23Z,DARTIS_2019,S1B_IW_GRDH_1SDV_20190724T034338_20190724T034403_017270_0207B2_57DF.SAFE;S1B_IW_GRDH_1SDV_20190724T034313_20190724T034338_017270_0207B2_7A9C.SAFE,Unverified,Imported from DARTIS_2019.tab; deduplicated by Sentinel ID
31.7257639834,32.6853294131,Oil spill,2019-07-24T03:42:23Z,DARTIS_2019,S1B_IW_GRDH_1SDV_20190724T034338_20190724T034403_017270_0207B2_57DF.SAFE,Unverified,Imported from DARTIS_2019.tab; deduplicated by Sentinel ID
31.8508707903,31.7031965356,Oil spill,2019-07-27T15:56:43Z,DARTIS_2019,S1A_IW_GRDH_1SDV_20190727T155708_20190727T155733_028305_0332B2_BDB8.SAFE,Unverified,Imported from DARTIS_2019.tab; deduplicated by Sentinel ID
32.8344858971,32.5559015045,Oil spill,2019-07-29T03:50:46Z,DARTIS_2019,S1B_IW_GRDH_1SDV_20190729T035111_20190729T035136_017343_0209D6_9017.SAFE,Unverified,Imported from DARTIS_2019.tab; deduplicated by Sentinel ID
32.6734175019,32.4303459466,Oil spill,2019-07-29T03:50:46Z,DARTIS_2019,S1B_IW_GRDH_1SDV_20190729T035136_20190729T035201_017343_0209D6_D740.SAFE;S1B_IW_GRDH_1SDV_20190729T035111_20190729T035136_017343_0209D6_9017.SAFE,Unverified,Imported from DARTIS_2019.tab; deduplicated by Sentinel ID
31.8198506518,32.4084628746,Oil spill,2019-07-29T03:50:46Z,DARTIS_2019,S1B_IW_GRDH_1SDV_20190729T035136_20190729T035201_017343_0209D6_D740.SAFE,Unverified,Imported from DARTIS_2019.tab; deduplicated by Sentinel ID
31.7433147500,34.3291550606,Oil spill,2019-07-29T15:40:13Z,DARTIS_2019,S1A_IW_GRDH_1SDV_20190729T154038_20190729T154103_028334_033394_F489.SAFE,Unverified,Imported from DARTIS_2019.tab; deduplicated by Sentinel ID
33.7379344693,34.0369260845,Oil spill,2019-07-30T03:43:03Z,DARTIS_2019,S1A_IW_GRDH_1SDV_20190730T034328_20190730T034353_028341_0333D2_4C47.SAFE,Unverified,Imported from DARTIS_2019.tab; deduplicated by Sentinel ID
32.5496925775,33.1680426046,Oil spill,2019-07-30T03:43:03Z,DARTIS_2019,S1A_IW_GRDH_1SDV_20190730T034353_20190730T034418_028341_0333D2_2D41.SAFE,Unverified,Imported from DARTIS_2019.tab; deduplicated by Sentinel ID
31.5102569994,32.3080425426,Oil spill,2019-08-03T15:48:42Z,DARTIS_2019,S1A_IW_GRDH_1SDV_20190803T154842_20190803T154907_028407_0335C8_F8D0.SAFE,Unverified,Imported from DARTIS_2019.tab; deduplicated by Sentinel ID
32.7511465362,33.6929721014,Oil spill,2019-08-03T15:48:42Z,DARTIS_2019,S1A_IW_GRDH_1SDV_20190803T154907_20190803T154932_028407_0335C8_EAC4.SAFE,Unverified,Imported from DARTIS_2019.tab; deduplicated by Sentinel ID
31.6601006598,32.1227800481,Oil spill,2019-08-04T03:51:23Z,DARTIS_2019,S1A_IW_GRDH_1SDV_20190804T035213_20190804T035238_028414_0335FE_557C.SAFE,Unverified,Imported from DARTIS_2019.tab; deduplicated by Sentinel ID
31.4598339459,32.3263412786,Oil spill,2019-08-04T03:51:23Z,DARTIS_2019,S1A_IW_GRDH_1SDV_20190804T035238_20190804T035304_028414_0335FE_8869.SAFE;S1A_IW_GRDH_1SDV_20190804T035213_20190804T035238_028414_0335FE_557C.SAFE,Unverified,Imported from DARTIS_2019.tab; deduplicated by Sentinel ID
34.5948083314,35.5349723131,Oil spill,2019-08-06T03:35:01Z,DARTIS_2019,S1A_IW_GRDH_1SDV_20190806T033501_20190806T033526_028443_0336DB_6632.SAFE,Unverified,Imported from DARTIS_2019.tab; deduplicated by Sentinel ID
31.8313855643,30.0813959798,Oil spill,2019-08-07T16:04:11Z,DARTIS_2019,S1B_IW_GRDH_1SDV_20190807T160436_20190807T160501_017482_020E07_2BC9.SAFE,Unverified,Imported from DARTIS_2019.tab; deduplicated by Sentinel ID
31.4956469170,32.0761270174,Oil spill,2019-08-08T15:56:44Z,DARTIS_2019,S1A_IW_GRDH_1SDV_20190808T155709_20190808T155734_028480_033813_EBA6.SAFE,Unverified,Imported from DARTIS_2019.tab; deduplicated by Sentinel ID
33.4734946119,32.4945578650,Oil spill,2019-08-10T03:50:47Z,DARTIS_2019,S1B_IW_GRDH_1SDV_20190810T035112_20190810T035137_017518_020F20_24E6.SAFE,Unverified,Imported from DARTIS_2019.tab; deduplicated by Sentinel ID
32.5585264396,33.3194789933,Oil spill,2019-08-10T03:50:47Z,DARTIS_2019,S1B_IW_GRDH_1SDV_20190810T035137_20190810T035202_017518_020F20_E49F.SAFE;S1B_IW_GRDH_1SDV_20190810T035112_20190810T035137_017518_020F20_24E6.SAFE,Unverified,Imported from DARTIS_2019.tab; deduplicated by Sentinel ID
31.3770986614,32.3757185972,Oil spill,2019-08-10T03:50:47Z,DARTIS_2019,S1B_IW_GRDH_1SDV_20190810T035137_20190810T035202_017518_020F20_E49F.SAFE,Unverified,Imported from DARTIS_2019.tab; deduplicated by Sentinel ID
32.5314567418,33.4323803102,Oil spill,2019-08-11T03:43:04Z,DARTIS_2019,S1A_IW_GRDH_1SDV_20190811T034354_20190811T034419_028516_03394F_EA40.SAFE,Unverified,Imported from DARTIS_2019.tab; deduplicated by Sentinel ID
31.6677924715,30.7065388165,Oil spill,2019-08-14T15:56:17Z,DARTIS_2019,S1B_IW_GRDH_1SDV_20190814T155617_20190814T155642_017584_021133_82C5.SAFE,Unverified,Imported from DARTIS_2019.tab; deduplicated by Sentinel ID
33.2623304006,30.1102077235,Oil spill,2019-08-14T15:56:48Z,DARTIS_2019,S1B_IW_GRDH_1SDV_20190814T155648_20190814T155717_017584_021134_3F1E.SAFE,Unverified,Imported from DARTIS_2019.tab; deduplicated by Sentinel ID
32.2315122706,32.9163684544,Oil spill,2019-08-15T15:48:43Z,DARTIS_2019,S1A_IW_GRDH_1SDV_20190815T154908_20190815T154933_028582_033B99_01B4.SAFE,Unverified,Imported from DARTIS_2019.tab; deduplicated by Sentinel ID
33.3987389189,33.5630813686,Oil spill,2019-08-15T15:48:43Z,DARTIS_2019,S1A_IW_GRDH_1SDV_20190815T154933_20190815T154958_028582_033B99_4FE3.SAFE;S1A_IW_GRDH_1SDV_20190815T154908_20190815T154933_028582_033B99_01B4.SAFE,Unverified,Imported from DARTIS_2019.tab; deduplicated by Sentinel ID
34.2001987675,31.5684033141,Oil spill,2019-08-15T15:48:43Z,DARTIS_2019,S1A_IW_GRDH_1SDV_20190815T154933_20190815T154958_028582_033B99_4FE3.SAFE,Unverified,Imported from DARTIS_2019.tab; deduplicated by Sentinel ID
34.6919895100,31.3617835858,Oil spill,2019-08-16T03:51:24Z,DARTIS_2019,S1A_IW_GRDH_1SDV_20190816T035149_20190816T035214_028589_033BD4_FE5C.SAFE;S1A_IW_GRDH_1SDV_20190816T035124_20190816T035149_028589_033BD4_572B.SAFE,Unverified,Imported from DARTIS_2019.tab; deduplicated by Sentinel ID
34.6786527106,31.2533665580,Oil spill,2019-08-16T03:51:24Z,DARTIS_2019,S1A_IW_GRDH_1SDV_20190816T035149_20190816T035214_028589_033BD4_FE5C.SAFE,Unverified,Imported from DARTIS_2019.tab; deduplicated by Sentinel ID
32.6795748729,33.0356639397,Oil spill,2019-08-16T03:51:24Z,DARTIS_2019,S1A_IW_GRDH_1SDV_20190816T035214_20190816T035239_028589_033BD4_B8FD.SAFE,Unverified,Imported from DARTIS_2019.tab; deduplicated by Sentinel ID
31.6034953684,30.6198343850,Oil spill,2019-08-16T03:51:24Z,DARTIS_2019,S1A_IW_GRDH_1SDV_20190816T035239_20190816T035305_028589_033BD4_53BE.SAFE,Unverified,Imported from DARTIS_2019.tab; deduplicated by Sentinel ID
33.2144793135,34.2887439867,Oil spill,2019-08-16T15:39:49Z,DARTIS_2019,S1B_IW_GRDH_1SDV_20190816T154014_20190816T154039_017613_02122C_4C5B.SAFE,Unverified,Imported from DARTIS_2019.tab; deduplicated by Sentinel ID
33.4283319339,33.6971618051,Oil spill,2019-08-16T15:39:49Z,DARTIS_2019,S1B_IW_GRDH_1SDV_20190816T154039_20190816T154104_017613_02122C_F471.SAFE,Unverified,Imported from DARTIS_2019.tab; deduplicated by Sentinel ID
33.8111386874,35.1549479566,Oil spill,2019-08-17T03:42:25Z,DARTIS_2019,S1B_IW_GRDH_1SDV_20190817T034250_20190817T034315_017620_021260_0DF6.SAFE,Unverified,Imported from DARTIS_2019.tab; deduplicated by Sentinel ID
34.6651718149,35.5390520489,Oil spill,2019-08-17T15:32:28Z,DARTIS_2019,S1A_IW_GRDH_1SDV_20190817T153318_20190817T153343_028611_033C8A_7F09.SAFE,Unverified,Imported from DARTIS_2019.tab; deduplicated by Sentinel ID
33.3663981129,30.0964513514,Oil spill,2019-08-20T15:56:45Z,DARTIS_2019,S1A_IW_GRDH_1SDV_20190820T155735_20190820T155800_028655_033E24_574F.SAFE,Unverified,Imported from DARTIS_2019.tab; deduplicated by Sentinel ID
31.6166538799,32.0799528181,Oil spill,2019-08-20T15:56:45Z,DARTIS_2019,S1A_IW_GRDH_1SDV_20190820T155710_20190820T155735_028655_033E24_AFFA.SAFE,Unverified,Imported from DARTIS_2019.tab; deduplicated by Sentinel ID
32.3899121954,30.9995186030,Oil spill,2019-08-21T03:59:34Z,DARTIS_2019,S1A_IW_GRDH_1SDV_20190821T040024_20190821T040049_028662_033E63_3BDB.SAFE,Unverified,Imported from DARTIS_2019.tab; deduplicated by Sentinel ID
33.0489797831,31.0034844328,Oil spill,2019-08-21T03:59:34Z,DARTIS_2019,S1A_IW_GRDH_1SDV_20190821T040024_20190821T040049_028662_033E63_3BDB.SAFE;S1A_IW_GRDH_1SDV_20190821T035959_20190821T040024_028662_033E63_F003.SAFE,Unverified,Imported from DARTIS_2019.tab; deduplicated by Sentinel ID
31.3194296465,33.5979261624,Oil spill,2019-08-21T15:47:53Z,DARTIS_2019,S1B_IW_GRDH_1SDV_20190821T154818_20190821T154843_017686_021461_4D57.SAFE;S1B_IW_GRDH_1SDV_20190821T154753_20190821T154818_017686_021461_7713.SAFE,Unverified,Imported from DARTIS_2019.tab; deduplicated by Sentinel ID
31.2818665667,32.3845247372,Oil spill,2019-08-21T15:47:53Z,DARTIS_2019,S1B_IW_GRDH_1SDV_20190821T154818_20190821T154843_017686_021461_4D57.SAFE,Unverified,Imported from DARTIS_2019.tab; deduplicated by Sentinel ID
33.9253015954,34.0899484966,Oil spill,2019-08-21T15:47:53Z,DARTIS_2019,S1B_IW_GRDH_1SDV_20190821T154843_20190821T154908_017686_021461_5471.SAFE,Unverified,Imported from DARTIS_2019.tab; deduplicated by Sentinel ID
32.0390248246,31.5447739383,Oil spill,2019-08-22T03:50:47Z,DARTIS_2019,S1B_IW_GRDH_1SDV_20190822T035137_20190822T035202_017693_021497_9677.SAFE,Unverified,Imported from DARTIS_2019.tab; deduplicated by Sentinel ID
34.5104787866,32.4024790126,Oil spill,2019-08-22T03:50:47Z,DARTIS_2019,S1B_IW_GRDH_1SDV_20190822T035047_20190822T035112_017693_021497_D54D.SAFE,Unverified,Imported from DARTIS_2019.tab; deduplicated by Sentinel ID
33.9713279053,34.9540828612,Oil spill,2019-08-22T15:40:15Z,DARTIS_2019,S1A_IW_GRDH_1SDV_20190822T154130_20190822T154155_028684_033F1B_7F0B.SAFE;S1A_IW_GRDH_1SDV_20190822T154105_20190822T154130_028684_033F1B_0C45.SAFE,Unverified,Imported from DARTIS_2019.tab; deduplicated by Sentinel ID
33.8514872586,34.7954788932,Oil spill,2019-08-22T15:40:15Z,DARTIS_2019,S1A_IW_GRDH_1SDV_20190822T154105_20190822T154130_028684_033F1B_0C45.SAFE,Unverified,Imported from DARTIS_2019.tab; deduplicated by Sentinel ID
34.4764347614,34.1634861608,Oil spill,2019-08-23T03:43:05Z,DARTIS_2019,S1A_IW_GRDH_1SDV_20190823T034330_20190823T034355_028691_033F57_A0BF.SAFE,Unverified,Imported from DARTIS_2019.tab; deduplicated by Sentinel ID
34.5481898447,35.4351458707,Oil spill,2019-08-23T15:31:35Z,DARTIS_2019,S1B_IW_GRDH_1SDV_20190823T153225_20190823T153250_017715_021546_92F3.SAFE,Unverified,Imported from DARTIS_2019.tab; deduplicated by Sentinel ID
34.1809756368,35.4481362635,Oil spill,2019-08-24T03:34:16Z,DARTIS_2019,S1B_IW_GRDH_1SDV_20190824T033441_20190824T033506_017722_021577_8148.SAFE,Unverified,Imported from DARTIS_2019.tab; deduplicated by Sentinel ID
31.6268355946,30.2820035216,Oil spill,2019-08-25T16:04:56Z,DARTIS_2019,S1A_IW_GRDH_1SDV_20190825T160521_20190825T160546_028728_0340B1_6F50.SAFE,Unverified,Imported from DARTIS_2019.tab; deduplicated by Sentinel ID
31.6415269046,31.9858866150,Oil spill,2019-08-26T15:56:17Z,DARTIS_2019,S1B_IW_GRDH_1SDV_20190826T155617_20190826T155642_017759_0216AD_1EE1.SAFE,Unverified,Imported from DARTIS_2019.tab; deduplicated by Sentinel ID
34.1767466412,31.9333786387,Oil spill,2019-08-26T15:56:48Z,DARTIS_2019,S1B_IW_GRDH_1SDV_20190826T155648_20190826T155717_017759_0216AE_9BBB.SAFE,Unverified,Imported from DARTIS_2019.tab; deduplicated by Sentinel ID
34.4241061678,31.8319211243,Oil spill,2019-08-26T15:56:48Z,DARTIS_2019,S1B_IW_GRDH_1SDV_20190826T155717_20190826T155742_017759_0216AE_718C.SAFE,Unverified,Imported from DARTIS_2019.tab; deduplicated by Sentinel ID
32.7805064222,31.3334425720,Oil spill,2019-08-27T03:58:58Z,DARTIS_2019,S1B_IW_GRDH_1SDV_20190827T035948_20190827T040013_017766_0216ED_1CA7.SAFE;S1B_IW_GRDH_1SDV_20190827T035923_20190827T035948_017766_0216ED_BD5D.SAFE,Unverified,Imported from DARTIS_2019.tab; deduplicated by Sentinel ID
32.5799392293,31.1030168548,Oil spill,2019-08-27T03:58:58Z,DARTIS_2019,S1B_IW_GRDH_1SDV_20190827T035948_20190827T040013_017766_0216ED_1CA7.SAFE,Unverified,Imported from DARTIS_2019.tab; deduplicated by Sentinel ID
31.4948294820,32.7664360771,Oil spill,2019-08-27T15:48:43Z,DARTIS_2019,S1A_IW_GRDH_1SDV_20190827T154843_20190827T154908_028757_0341B2_CC65.SAFE,Unverified,Imported from DARTIS_2019.tab; deduplicated by Sentinel ID
31.7152851935,32.1862624357,Oil spill,2019-08-27T15:48:43Z,DARTIS_2019,S1A_IW_GRDH_1SDV_20190827T154908_20190827T154933_028757_0341B2_83CA.SAFE;S1A_IW_GRDH_1SDV_20190827T154843_20190827T154908_028757_0341B2_CC65.SAFE,Unverified,Imported from DARTIS_2019.tab; deduplicated by Sentinel ID
32.6993445577,32.4920628351,Oil spill,2019-08-27T15:48:43Z,DARTIS_2019,S1A_IW_GRDH_1SDV_20190827T154908_20190827T154933_028757_0341B2_83CA.SAFE,Unverified,Imported from DARTIS_2019.tab; deduplicated by Sentinel ID
34.2075757141,32.1328859484,Oil spill,2019-08-27T15:48:43Z,DARTIS_2019,S1A_IW_GRDH_1SDV_20190827T154933_20190827T154958_028757_0341B2_F67F.SAFE,Unverified,Imported from DARTIS_2019.tab; deduplicated by Sentinel ID
31.9546403519,32.8297661670,Oil spill,2019-08-28T03:51:24Z,DARTIS_2019,S1A_IW_GRDH_1SDV_20190828T035214_20190828T035239_028764_0341F0_762B.SAFE,Unverified,Imported from DARTIS_2019.tab; deduplicated by Sentinel ID
32.9402338329,34.4721295969,Oil spill,2019-08-28T15:39:50Z,DARTIS_2019,S1B_IW_GRDH_1SDV_20190828T154015_20190828T154040_017788_02179A_FD13.SAFE,Unverified,Imported from DARTIS_2019.tab; deduplicated by Sentinel ID
34.6213676213,34.7219246866,Oil spill,2019-08-28T15:39:50Z,DARTIS_2019,S1B_IW_GRDH_1SDV_20190828T154040_20190828T154105_017788_02179A_9F35.SAFE,Unverified,Imported from DARTIS_2019.tab; deduplicated by Sentinel ID
34.4272894158,35.6159613852,Oil spill,2019-08-30T03:35:02Z,DARTIS_2019,S1A_IW_GRDH_1SDV_20190830T033527_20190830T033552_028793_0342F2_73EE.SAFE;S1A_IW_GRDH_1SDV_20190830T033502_20190830T033527_028793_0342F2_9C74.SAFE,Unverified,Imported from DARTIS_2019.tab; deduplicated by Sentinel ID
31.3902094452,30.1988890136,Oil spill,2019-09-01T15:56:45Z,DARTIS_2019,S1A_IW_GRDH_1SDV_20190901T155710_20190901T155735_028830_03443E_9738.SAFE,Unverified,Imported from DARTIS_2019.tab; deduplicated by Sentinel ID
34.6353512352,31.0216774996,Oil spill,2019-09-02T03:59:35Z,DARTIS_2019,S1A_IW_GRDH_1SDV_20190902T040000_20190902T040025_028837_03447B_F32D.SAFE;S1A_IW_GRDH_1SDV_20190902T035935_20190902T040000_028837_03447B_7C6D.SAFE,Unverified,Imported from DARTIS_2019.tab; deduplicated by Sentinel ID
32.2653950741,33.4927196886,Oil spill,2019-09-02T15:47:53Z,DARTIS_2019,S1B_IW_GRDH_1SDV_20190902T154818_20190902T154843_017861_0219CE_E6A5.SAFE,Unverified,Imported from DARTIS_2019.tab; deduplicated by Sentinel ID
31.5058268885,32.7664782107,Oil spill,2019-09-03T03:50:48Z,DARTIS_2019,S1B_IW_GRDH_1SDV_20190903T035138_20190903T035203_017868_021A04_85C3.SAFE,Unverified,Imported from DARTIS_2019.tab; deduplicated by Sentinel ID
31.9047981494,34.5419929127,Oil spill,2019-09-03T15:40:15Z,DARTIS_2019,S1A_IW_GRDH_1SDV_20190903T154040_20190903T154105_028859_034535_9212.SAFE,Unverified,Imported from DARTIS_2019.tab; deduplicated by Sentinel ID
34.0486296741,35.1929195027,Oil spill,2019-09-03T15:40:15Z,DARTIS_2019,S1A_IW_GRDH_1SDV_20190903T154130_20190903T154155_028859_034535_9C24.SAFE;S1A_IW_GRDH_1SDV_20190903T154105_20190903T154130_028859_034535_82B8.SAFE,Unverified,Imported from DARTIS_2019.tab; deduplicated by Sentinel ID
34.0977852214,34.9249264698,Oil spill,2019-09-03T15:40:15Z,DARTIS_2019,S1A_IW_GRDH_1SDV_20190903T154130_20190903T154155_028859_034535_9C24.SAFE,Unverified,Imported from DARTIS_2019.tab; deduplicated by Sentinel ID
34.5569286002,35.1032367327,Oil spill,2019-09-04T03:43:05Z,DARTIS_2019,S1A_IW_GRDH_1SDV_20190904T034330_20190904T034355_028866_034579_E422.SAFE,Unverified,Imported from DARTIS_2019.tab; deduplicated by Sentinel ID
31.5737711949,30.1552147836,Oil spill,2019-09-06T16:04:57Z,DARTIS_2019,S1A_IW_GRDH_1SDV_20190906T160522_20190906T160547_028903_0346CC_D7B1.SAFE,Unverified,Imported from DARTIS_2019.tab; deduplicated by Sentinel ID
32.2572831963,30.7936610907,Oil spill,2019-09-09T03:51:25Z,DARTIS_2019,S1A_IW_GRDH_1SDV_20190909T035215_20190909T035240_028939_034806_84EA.SAFE,Unverified,Imported from DARTIS_2019.tab; deduplicated by Sentinel ID
34.6884526987,35.4581941439,Oil spill,2019-09-10T03:42:26Z,DARTIS_2019,S1B_IW_GRDH_1SDV_20190910T034226_20190910T034251_017970_021D4F_6F7A.SAFE,Unverified,Imported from DARTIS_2019.tab; deduplicated by Sentinel ID
33.9762645347,34.9624519518,Oil spill,2019-09-10T03:42:26Z,DARTIS_2019,S1B_IW_GRDH_1SDV_20190910T034251_20190910T034316_017970_021D4F_07F7.SAFE,Unverified,Imported from DARTIS_2019.tab; deduplicated by Sentinel ID
31.3979640677,30.2068474244,Oil spill,2019-09-12T16:04:13Z,DARTIS_2019,S1B_IW_GRDH_1SDV_20190912T160438_20190912T160503_018007_021E66_0739.SAFE,Unverified,Imported from DARTIS_2019.tab; deduplicated by Sentinel ID
32.5057761692,31.2746467243,Oil spill,2019-09-13T15:56:46Z,DARTIS_2019,S1A_IW_GRDH_1SDV_20190913T155711_20190913T155736_029005_034A50_BA8D.SAFE,Unverified,Imported from DARTIS_2019.tab; deduplicated by Sentinel ID
31.1654366515,32.5962318768,Oil spill,2019-09-14T15:47:54Z,DARTIS_2019,S1B_IW_GRDH_1SDV_20190914T154819_20190914T154844_018036_021F43_FE67.SAFE;S1B_IW_GRDH_1SDV_20190914T154754_20190914T154819_018036_021F43_FD90.SAFE,Unverified,Imported from DARTIS_2019.tab; deduplicated by Sentinel ID
31.4102778946,33.1271756925,Oil spill,2019-09-14T15:47:54Z,DARTIS_2019,S1B_IW_GRDH_1SDV_20190914T154819_20190914T154844_018036_021F43_FE67.SAFE,Unverified,Imported from DARTIS_2019.tab; deduplicated by Sentinel ID
34.1111839985,34.0399190754,Oil spill,2019-09-14T15:47:54Z,DARTIS_2019,S1B_IW_GRDH_1SDV_20190914T154844_20190914T154909_018036_021F43_27F9.SAFE,Unverified,Imported from DARTIS_2019.tab; deduplicated by Sentinel ID
32.9001844686,30.7692415688,Oil spill,2019-09-19T15:56:49Z,DARTIS_2019,S1B_IW_GRDH_1SDV_20190919T155649_20190919T155718_018109_02218C_A4C0.SAFE,Unverified,Imported from DARTIS_2019.tab; deduplicated by Sentinel ID
33.8363504924,33.7985469992,Oil spill,2019-09-21T15:39:51Z,DARTIS_2019,S1B_IW_GRDH_1SDV_20190921T154041_20190921T154106_018138_022283_3509.SAFE,Unverified,Imported from DARTIS_2019.tab; deduplicated by Sentinel ID
31.3465057882,32.3572423706,Oil spill,2019-09-25T15:56:47Z,DARTIS_2019,S1A_IW_GRDH_1SDV_20190925T155712_20190925T155737_029180_035045_0057.SAFE,Unverified,Imported from DARTIS_2019.tab; deduplicated by Sentinel ID
33.0381597247,32.1684527914,Oil spill,2019-09-25T15:56:47Z,DARTIS_2019,S1A_IW_GRDH_1SDV_20190925T155737_20190925T155802_029180_035045_5FA1.SAFE,Unverified,Imported from DARTIS_2019.tab; deduplicated by Sentinel ID
32.0279486538,30.7804393529,Oil spill,2019-09-26T03:59:36Z,DARTIS_2019,S1A_IW_GRDH_1SDV_20190926T040026_20190926T040051_029187_035080_F816.SAFE,Unverified,Imported from DARTIS_2019.tab; deduplicated by Sentinel ID
31.4523532416,30.1362341637,Oil spill,2019-09-26T03:59:36Z,DARTIS_2019,S1A_IW_GRDH_1SDV_20190926T040051_20190926T040116_029187_035080_972D.SAFE,Unverified,Imported from DARTIS_2019.tab; deduplicated by Sentinel ID
31.5066470798,32.9329143317,Oil spill,2019-09-26T15:47:55Z,DARTIS_2019,S1B_IW_GRDH_1SDV_20190926T154820_20190926T154845_018211_0224A2_1533.SAFE,Unverified,Imported from DARTIS_2019.tab; deduplicated by Sentinel ID
33.9182906732,32.0353568087,Oil spill,2019-09-27T03:50:49Z,DARTIS_2019,S1B_IW_GRDH_1SDV_20190927T035114_20190927T035139_018218_0224DC_067F.SAFE,Unverified,Imported from DARTIS_2019.tab; deduplicated by Sentinel ID
31.6781511621,31.1926292281,Oil spill,2019-09-27T03:50:49Z,DARTIS_2019,S1B_IW_GRDH_1SDV_20190927T035139_20190927T035204_018218_0224DC_E6A4.SAFE,Unverified,Imported from DARTIS_2019.tab; deduplicated by Sentinel ID
33.6642114703,34.9965881269,Oil spill,2019-09-27T15:40:17Z,DARTIS_2019,S1A_IW_GRDH_1SDV_20190927T154107_20190927T154132_029209_035141_8445.SAFE,Unverified,Imported from DARTIS_2019.tab; deduplicated by Sentinel ID
34.3002520907,35.4793156241,Oil spill,2019-09-27T15:40:17Z,DARTIS_2019,S1A_IW_GRDH_1SDV_20190927T154132_20190927T154157_029209_035141_93D0.SAFE,Unverified,Imported from DARTIS_2019.tab; deduplicated by Sentinel ID
34.5201958477,35.3282418300,Oil spill,2019-09-28T03:43:06Z,DARTIS_2019,S1A_IW_GRDH_1SDV_20190928T034331_20190928T034356_029216_035188_442B.SAFE,Unverified,Imported from DARTIS_2019.tab; deduplicated by Sentinel ID
34.4559442426,35.5322814339,Oil spill,2019-09-28T15:31:37Z,DARTIS_2019,S1B_IW_GRDH_1SDV_20190928T153227_20190928T153252_018240_022588_126E.SAFE,Unverified,Imported from DARTIS_2019.tab; deduplicated by Sentinel ID
31.4288241295,30.1796002674,Oil spill,2019-10-01T15:56:19Z,DARTIS_2019,S1B_IW_GRDH_1SDV_20191001T155619_20191001T155644_018284_0226F2_D309.SAFE,Unverified,Imported from DARTIS_2019.tab; deduplicated by Sentinel ID
32.4745101630,30.9456444835,Oil spill,2019-10-01T15:56:50Z,DARTIS_2019,S1B_IW_GRDH_1SDV_20191001T155650_20191001T155719_018284_0226F3_A521.SAFE,Unverified,Imported from DARTIS_2019.tab; deduplicated by Sentinel ID
32.4438100307,30.9605024175,Oil spill,2019-10-02T03:58:59Z,DARTIS_2019,S1B_IW_GRDH_1SDV_20191002T035949_20191002T040014_018291_022738_5054.SAFE,Unverified,Imported from DARTIS_2019.tab; deduplicated by Sentinel ID
34.2293662156,31.0704248613,Oil spill,2019-10-02T03:58:59Z,DARTIS_2019,S1B_IW_GRDH_1SDV_20191002T035924_20191002T035949_018291_022738_4C40.SAFE,Unverified,Imported from DARTIS_2019.tab; deduplicated by Sentinel ID
31.3875795036,33.1755726679,Oil spill,2019-10-02T15:48:45Z,DARTIS_2019,S1A_IW_GRDH_1SDV_20191002T154845_20191002T154910_029282_0353D1_FBA2.SAFE,Unverified,Imported from DARTIS_2019.tab; deduplicated by Sentinel ID
31.6979180953,32.5465249136,Oil spill,2019-10-02T15:48:45Z,DARTIS_2019,S1A_IW_GRDH_1SDV_20191002T154910_20191002T154935_029282_0353D1_55BD.SAFE;S1A_IW_GRDH_1SDV_20191002T154845_20191002T154910_029282_0353D1_FBA2.SAFE,Unverified,Imported from DARTIS_2019.tab; deduplicated by Sentinel ID
31.7364184241,32.3782094977,Oil spill,2019-10-02T15:48:45Z,DARTIS_2019,S1A_IW_GRDH_1SDV_20191002T154910_20191002T154935_029282_0353D1_55BD.SAFE,Unverified,Imported from DARTIS_2019.tab; deduplicated by Sentinel ID
34.0949131414,32.6324001448,Oil spill,2019-10-02T15:48:45Z,DARTIS_2019,S1A_IW_GRDH_1SDV_20191002T154935_20191002T155000_029282_0353D1_AD9D.SAFE,Unverified,Imported from DARTIS_2019.tab; deduplicated by Sentinel ID
34.1160249365,32.4775291793,Oil spill,2019-10-03T03:51:26Z,DARTIS_2019,S1A_IW_GRDH_1SDV_20191003T035151_20191003T035216_029289_035408_EF44.SAFE,Unverified,Imported from DARTIS_2019.tab; deduplicated by Sentinel ID
31.9060940693,34.5458027556,Oil spill,2019-10-03T15:39:51Z,DARTIS_2019,S1B_IW_GRDH_1SDV_20191003T154016_20191003T154041_018313_0227F5_C52B.SAFE,Unverified,Imported from DARTIS_2019.tab; deduplicated by Sentinel ID
33.5888115314,34.8479601282,Oil spill,2019-10-03T15:39:51Z,DARTIS_2019,S1B_IW_GRDH_1SDV_20191003T154041_20191003T154106_018313_0227F5_FA2A.SAFE,Unverified,Imported from DARTIS_2019.tab; deduplicated by Sentinel ID
34.3639780370,33.4340261329,Oil spill,2019-10-04T03:42:27Z,DARTIS_2019,S1B_IW_GRDH_1SDV_20191004T034252_20191004T034317_018320_02282B_B1FB.SAFE,Unverified,Imported from DARTIS_2019.tab; deduplicated by Sentinel ID
31.6828719004,32.2619195049,Oil spill,2019-10-07T15:56:47Z,DARTIS_2019,S1A_IW_GRDH_1SDV_20191007T155712_20191007T155737_029355_035652_8FCF.SAFE,Unverified,Imported from DARTIS_2019.tab; deduplicated by Sentinel ID
32.9381003204,30.7878856179,Oil spill,2019-10-08T03:59:36Z,DARTIS_2019,S1A_IW_GRDH_1SDV_20191008T040026_20191008T040051_029362_03568A_5355.SAFE,Unverified,Imported from DARTIS_2019.tab; deduplicated by Sentinel ID
31.3580728257,32.2928658675,Oil spill,2019-10-08T15:47:54Z,DARTIS_2019,S1B_IW_GRDH_1SDV_20191008T154819_20191008T154844_018386_022A2C_14D5.SAFE,Unverified,Imported from DARTIS_2019.tab; deduplicated by Sentinel ID
33.0074531758,33.7245149028,Oil spill,2019-10-08T15:47:54Z,DARTIS_2019,S1B_IW_GRDH_1SDV_20191008T154844_20191008T154909_018386_022A2C_1FB0.SAFE,Unverified,Imported from DARTIS_2019.tab; deduplicated by Sentinel ID
34.3845124429,31.5151710167,Oil spill,2019-10-08T15:47:54Z,DARTIS_2019,S1B_IW_GRDH_1SDV_20191008T154909_20191008T154934_018386_022A2C_AF1F.SAFE,Unverified,Imported from DARTIS_2019.tab; deduplicated by Sentinel ID
32.5778933133,33.2534348328,Oil spill,2019-10-09T03:50:49Z,DARTIS_2019,S1B_IW_GRDH_1SDV_20191009T035139_20191009T035204_018393_022A5F_383D.SAFE;S1B_IW_GRDH_1SDV_20191009T035114_20191009T035139_018393_022A5F_B79F.SAFE,Unverified,Imported from DARTIS_2019.tab; deduplicated by Sentinel ID
32.0697073901,32.0589045709,Oil spill,2019-10-09T03:50:49Z,DARTIS_2019,S1B_IW_GRDH_1SDV_20191009T035139_20191009T035204_018393_022A5F_383D.SAFE,Unverified,Imported from DARTIS_2019.tab; deduplicated by Sentinel ID
33.3671721325,34.2090691149,Oil spill,2019-10-09T15:40:16Z,DARTIS_2019,S1A_IW_GRDH_1SDV_20191009T154106_20191009T154131_029384_035749_F128.SAFE,Unverified,Imported from DARTIS_2019.tab; deduplicated by Sentinel ID
33.4749382015,34.4652704093,Oil spill,2019-10-10T03:43:06Z,DARTIS_2019,S1A_IW_GRDH_1SDV_20191010T034331_20191010T034356_029391_035788_7CA8.SAFE,Unverified,Imported from DARTIS_2019.tab; deduplicated by Sentinel ID
33.2344152460,34.2702622579,Oil spill,2019-10-10T03:43:06Z,DARTIS_2019,S1A_IW_GRDH_1SDV_20191010T034356_20191010T034421_029391_035788_FA04.SAFE,Unverified,Imported from DARTIS_2019.tab; deduplicated by Sentinel ID
31.3744359372,30.1911456768,Oil spill,2019-10-12T16:04:58Z,DARTIS_2019,S1A_IW_GRDH_1SDV_20191012T160523_20191012T160548_029428_0358E2_98C4.SAFE,Unverified,Imported from DARTIS_2019.tab; deduplicated by Sentinel ID
32.9137571134,30.6876178631,Oil spill,2019-10-13T15:56:50Z,DARTIS_2019,S1B_IW_GRDH_1SDV_20191013T155650_20191013T155719_018459_022C6B_606D.SAFE,Unverified,Imported from DARTIS_2019.tab; deduplicated by Sentinel ID
32.5829688298,30.8318474491,Oil spill,2019-10-14T03:58:59Z,DARTIS_2019,S1B_IW_GRDH_1SDV_20191014T035949_20191014T040014_018466_022CAA_1046.SAFE,Unverified,Imported from DARTIS_2019.tab; deduplicated by Sentinel ID
31.2446819503,33.4723622271,Oil spill,2019-10-14T15:48:45Z,DARTIS_2019,S1A_IW_GRDH_1SDV_20191014T154845_20191014T154910_029457_0359DE_D1AE.SAFE,Unverified,Imported from DARTIS_2019.tab; deduplicated by Sentinel ID
31.6565632299,32.0586959245,Oil spill,2019-10-14T15:48:45Z,DARTIS_2019,S1A_IW_GRDH_1SDV_20191014T154910_20191014T154935_029457_0359DE_77C2.SAFE;S1A_IW_GRDH_1SDV_20191014T154845_20191014T154910_029457_0359DE_D1AE.SAFE,Unverified,Imported from DARTIS_2019.tab; deduplicated by Sentinel ID
34.6343674831,31.5608278051,Oil spill,2019-10-15T03:51:26Z,DARTIS_2019,S1A_IW_GRDH_1SDV_20191015T035151_20191015T035216_029464_035A19_9D38.SAFE;S1A_IW_GRDH_1SDV_20191015T035126_20191015T035151_029464_035A19_9F94.SAFE,Unverified,Imported from DARTIS_2019.tab; deduplicated by Sentinel ID
34.1252671748,32.9593981641,Oil spill,2019-10-15T03:51:26Z,DARTIS_2019,S1A_IW_GRDH_1SDV_20191015T035151_20191015T035216_029464_035A19_9D38.SAFE,Unverified,Imported from DARTIS_2019.tab; deduplicated by Sentinel ID
31.4520026694,32.8116319239,Oil spill,2019-10-15T03:51:26Z,DARTIS_2019,S1A_IW_GRDH_1SDV_20191015T035216_20191015T035241_029464_035A19_207B.SAFE,Unverified,Imported from DARTIS_2019.tab; deduplicated by Sentinel ID
32.5419736314,30.1604438281,Oil spill,2019-10-19T15:56:47Z,DARTIS_2019,S1A_IW_GRDH_1SDV_20191019T155737_20191019T155802_029530_035C5B_E72A.SAFE;S1A_IW_GRDH_1SDV_20191019T155712_20191019T155737_029530_035C5B_D123.SAFE,Unverified,Imported from DARTIS_2019.tab; deduplicated by Sentinel ID
31.5874186135,31.7118563943,Oil spill,2019-10-19T15:56:47Z,DARTIS_2019,S1A_IW_GRDH_1SDV_20191019T155712_20191019T155737_029530_035C5B_D123.SAFE,Unverified,Imported from DARTIS_2019.tab; deduplicated by Sentinel ID
32.5717730812,30.1278662993,Oil spill,2019-10-20T03:59:36Z,DARTIS_2019,S1A_IW_GRDH_1SDV_20191020T040026_20191020T040051_029537_035C98_A5AA.SAFE,Unverified,Imported from DARTIS_2019.tab; deduplicated by Sentinel ID
34.3665551081,30.3946041226,Oil spill,2019-10-20T03:59:36Z,DARTIS_2019,S1A_IW_GRDH_1SDV_20191020T040001_20191020T040026_029537_035C98_67D9.SAFE,Unverified,Imported from DARTIS_2019.tab; deduplicated by Sentinel ID
33.0621269560,31.2181211296,Oil spill,2019-10-20T03:59:36Z,DARTIS_2019,S1A_IW_GRDH_1SDV_20191020T040026_20191020T040051_029537_035C98_A5AA.SAFE;S1A_IW_GRDH_1SDV_20191020T040001_20191020T040026_029537_035C98_67D9.SAFE,Unverified,Imported from DARTIS_2019.tab; deduplicated by Sentinel ID
31.5387386053,30.2303016644,Oil spill,2019-10-20T03:59:36Z,DARTIS_2019,S1A_IW_GRDH_1SDV_20191020T040051_20191020T040116_029537_035C98_7D16.SAFE,Unverified,Imported from DARTIS_2019.tab; deduplicated by Sentinel ID
31.4263348819,32.6732211873,Oil spill,2019-10-20T15:47:55Z,DARTIS_2019,S1B_IW_GRDH_1SDV_20191020T154820_20191020T154845_018561_022F8C_E7C6.SAFE,Unverified,Imported from DARTIS_2019.tab; deduplicated by Sentinel ID
34.0250485534,33.7309973097,Oil spill,2019-10-20T15:47:55Z,DARTIS_2019,S1B_IW_GRDH_1SDV_20191020T154845_20191020T154910_018561_022F8C_7ECC.SAFE,Unverified,Imported from DARTIS_2019.tab; deduplicated by Sentinel ID
32.2906791992,32.0382057029,Oil spill,2019-10-21T03:50:49Z,DARTIS_2019,S1B_IW_GRDH_1SDV_20191021T035139_20191021T035204_018568_022FC0_7FCF.SAFE,Unverified,Imported from DARTIS_2019.tab; deduplicated by Sentinel ID
33.5885281721,31.0577904286,Oil spill,2019-10-21T03:50:49Z,DARTIS_2019,S1B_IW_GRDH_1SDV_20191021T035114_20191021T035139_018568_022FC0_0980.SAFE,Unverified,Imported from DARTIS_2019.tab; deduplicated by Sentinel ID
32.8027941705,31.5016219649,Oil spill,2019-10-21T03:50:49Z,DARTIS_2019,S1B_IW_GRDH_1SDV_20191021T035139_20191021T035204_018568_022FC0_7FCF.SAFE;S1B_IW_GRDH_1SDV_20191021T035114_20191021T035139_018568_022FC0_0980.SAFE,Unverified,Imported from DARTIS_2019.tab; deduplicated by Sentinel ID
33.5942612406,33.6285934215,Oil spill,2019-10-22T03:43:06Z,DARTIS_2019,S1A_IW_GRDH_1SDV_20191022T034356_20191022T034421_029566_035D93_FD78.SAFE;S1A_IW_GRDH_1SDV_20191022T034331_20191022T034356_029566_035D93_9262.SAFE,Unverified,Imported from DARTIS_2019.tab; deduplicated by Sentinel ID
34.3917078139,34.5633372632,Oil spill,2019-10-22T03:43:06Z,DARTIS_2019,S1A_IW_GRDH_1SDV_20191022T034331_20191022T034356_029566_035D93_9262.SAFE,Unverified,Imported from DARTIS_2019.tab; deduplicated by Sentinel ID
33.2149813921,33.4989148652,Oil spill,2019-10-22T03:43:06Z,DARTIS_2019,S1A_IW_GRDH_1SDV_20191022T034356_20191022T034421_029566_035D93_FD78.SAFE,Unverified,Imported from DARTIS_2019.tab; deduplicated by Sentinel ID
31.6819548693,31.1952846639,Oil spill,2019-10-25T15:56:19Z,DARTIS_2019,S1B_IW_GRDH_1SDV_20191025T155619_20191025T155644_018634_0231C5_600D.SAFE,Unverified,Imported from DARTIS_2019.tab; deduplicated by Sentinel ID
31.8156584158,31.3479187301,Oil spill,2019-10-27T03:51:26Z,DARTIS_2019,S1A_IW_GRDH_1SDV_20191027T035216_20191027T035241_029639_036018_3127.SAFE,Unverified,Imported from DARTIS_2019.tab; deduplicated by Sentinel ID
31.8616404324,34.5537637113,Oil spill,2019-10-27T15:39:51Z,DARTIS_2019,S1B_IW_GRDH_1SDV_20191027T154016_20191027T154041_018663_0232BF_6EB7.SAFE;S1B_IW_GRDH_1SDV_20191027T153951_20191027T154016_018663_0232BF_BE84.SAFE,Unverified,Imported from DARTIS_2019.tab; deduplicated by Sentinel ID
34.1144324141,34.2939738731,Oil spill,2019-10-27T15:39:51Z,DARTIS_2019,S1B_IW_GRDH_1SDV_20191027T154041_20191027T154106_018663_0232BF_0AC1.SAFE,Unverified,Imported from DARTIS_2019.tab; deduplicated by Sentinel ID
31.5223546970,30.3334848839,Oil spill,2019-10-30T16:04:14Z,DARTIS_2019,S1B_IW_GRDH_1SDV_20191030T160439_20191030T160504_018707_023425_6ED4.SAFE,Unverified,Imported from DARTIS_2019.tab; deduplicated by Sentinel ID
31.5790739633,30.1326999914,Oil spill,2019-10-31T15:56:47Z,DARTIS_2019,S1A_IW_GRDH_1SDV_20191031T155712_20191031T155737_029705_036271_F756.SAFE,Unverified,Imported from DARTIS_2019.tab; deduplicated by Sentinel ID
32.2072989515,30.4856834214,Oil spill,2019-11-01T03:59:36Z,DARTIS_2019,S1A_IW_GRDH_1SDV_20191101T040026_20191101T040051_029712_0362AE_90E1.SAFE,Unverified,Imported from DARTIS_2019.tab; deduplicated by Sentinel ID
33.6030670528,30.2925255844,Oil spill,2019-11-01T03:59:36Z,DARTIS_2019,S1A_IW_GRDH_1SDV_20191101T040001_20191101T040026_029712_0362AE_2614.SAFE,Unverified,Imported from DARTIS_2019.tab; deduplicated by Sentinel ID
33.1943269362,30.2639283558,Oil spill,2019-11-01T03:59:36Z,DARTIS_2019,S1A_IW_GRDH_1SDV_20191101T040026_20191101T040051_029712_0362AE_90E1.SAFE;S1A_IW_GRDH_1SDV_20191101T040001_20191101T040026_029712_0362AE_2614.SAFE,Unverified,Imported from DARTIS_2019.tab; deduplicated by Sentinel ID
31.5927060522,30.1569536196,Oil spill,2019-11-01T03:59:36Z,DARTIS_2019,S1A_IW_GRDH_1SDV_20191101T040051_20191101T040116_029712_0362AE_D38B.SAFE,Unverified,Imported from DARTIS_2019.tab; deduplicated by Sentinel ID
31.5819307790,32.7229079348,Oil spill,2019-11-01T15:47:54Z,DARTIS_2019,S1B_IW_GRDH_1SDV_20191101T154819_20191101T154844_018736_023509_FDE8.SAFE,Unverified,Imported from DARTIS_2019.tab; deduplicated by Sentinel ID
32.9355527458,32.2998481243,Oil spill,2019-11-01T15:47:54Z,DARTIS_2019,S1B_IW_GRDH_1SDV_20191101T154844_20191101T154909_018736_023509_B3BF.SAFE,Unverified,Imported from DARTIS_2019.tab; deduplicated by Sentinel ID
33.1097097927,34.1680067132,Oil spill,2019-11-02T15:40:17Z,DARTIS_2019,S1A_IW_GRDH_1SDV_20191102T154107_20191102T154132_029734_036369_FE5F.SAFE,Unverified,Imported from DARTIS_2019.tab; deduplicated by Sentinel ID
34.3714013819,35.1483058454,Oil spill,2019-11-03T03:43:07Z,DARTIS_2019,S1A_IW_GRDH_1SDV_20191103T034332_20191103T034357_029741_0363B0_BB8A.SAFE,Unverified,Imported from DARTIS_2019.tab; deduplicated by Sentinel ID
33.3261356446,33.0816484040,Oil spill,2019-11-03T03:43:07Z,DARTIS_2019,S1A_IW_GRDH_1SDV_20191103T034357_20191103T034422_029741_0363B0_2903.SAFE,Unverified,Imported from DARTIS_2019.tab; deduplicated by Sentinel ID
31.9749217849,33.0875016984,Oil spill,2019-11-03T03:43:07Z,DARTIS_2019,S1A_IW_GRDH_1SDV_20191103T034422_20191103T034447_029741_0363B0_D43F.SAFE;S1A_IW_GRDH_1SDV_20191103T034357_20191103T034422_029741_0363B0_2903.SAFE,Unverified,Imported from DARTIS_2019.tab; deduplicated by Sentinel ID
32.2604239502,30.0992676809,Oil spill,2019-11-07T03:58:59Z,DARTIS_2019,S1B_IW_GRDH_1SDV_20191107T035949_20191107T040014_018816_0237A1_D0B6.SAFE,Unverified,Imported from DARTIS_2019.tab; deduplicated by Sentinel ID
34.1045254058,30.7712807195,Oil spill,2019-11-07T03:58:59Z,DARTIS_2019,S1B_IW_GRDH_1SDV_20191107T035924_20191107T035949_018816_0237A1_36B3.SAFE,Unverified,Imported from DARTIS_2019.tab; deduplicated by Sentinel ID
31.3976238848,30.1977355145,Oil spill,2019-11-07T03:58:59Z,DARTIS_2019,S1B_IW_GRDH_1SDV_20191107T040014_20191107T040038_018816_0237A1_5A6C.SAFE;S1B_IW_GRDH_1SDV_20191107T035949_20191107T040014_018816_0237A1_D0B6.SAFE,Unverified,Imported from DARTIS_2019.tab; deduplicated by Sentinel ID
31.3561379635,32.3726595572,Oil spill,2019-11-07T15:48:45Z,DARTIS_2019,S1A_IW_GRDH_1SDV_20191107T154845_20191107T154910_029807_03660E_0E71.SAFE,Unverified,Imported from DARTIS_2019.tab; deduplicated by Sentinel ID
34.5154273551,32.2119833097,Oil spill,2019-11-08T03:51:26Z,DARTIS_2019,S1A_IW_GRDH_1SDV_20191108T035151_20191108T035216_029814_03664C_7E30.SAFE;S1A_IW_GRDH_1SDV_20191108T035126_20191108T035151_029814_03664C_FCC5.SAFE,Unverified,Imported from DARTIS_2019.tab; deduplicated by Sentinel ID
31.4906190749,32.7063464673,Oil spill,2019-11-08T03:51:26Z,DARTIS_2019,S1A_IW_GRDH_1SDV_20191108T035216_20191108T035241_029814_03664C_228F.SAFE,Unverified,Imported from DARTIS_2019.tab; deduplicated by Sentinel ID
34.1813399348,34.7168830613,Oil spill,2019-11-08T15:39:51Z,DARTIS_2019,S1B_IW_GRDH_1SDV_20191108T154041_20191108T154106_018838_023867_3795.SAFE,Unverified,Imported from DARTIS_2019.tab; deduplicated by Sentinel ID
31.8774525708,34.5507960803,Oil spill,2019-11-08T15:39:51Z,DARTIS_2019,S1B_IW_GRDH_1SDV_20191108T154016_20191108T154041_018838_023867_C951.SAFE;S1B_IW_GRDH_1SDV_20191108T153951_20191108T154016_018838_023867_1595.SAFE,Unverified,Imported from DARTIS_2019.tab; deduplicated by Sentinel ID
32.6724458566,34.3975383883,Oil spill,2019-11-08T15:39:51Z,DARTIS_2019,S1B_IW_GRDH_1SDV_20191108T154016_20191108T154041_018838_023867_C951.SAFE,Unverified,Imported from DARTIS_2019.tab; deduplicated by Sentinel ID
33.9885878556,34.7746077331,Oil spill,2019-11-09T03:42:27Z,DARTIS_2019,S1B_IW_GRDH_1SDV_20191109T034252_20191109T034317_018845_0238A3_587D.SAFE,Unverified,Imported from DARTIS_2019.tab; deduplicated by Sentinel ID
31.8901333542,34.5313833905,Oil spill,2019-11-09T03:42:27Z,DARTIS_2019,S1B_IW_GRDH_1SDV_20191109T034317_20191109T034342_018845_0238A3_DF03.SAFE,Unverified,Imported from DARTIS_2019.tab; deduplicated by Sentinel ID
31.3473813359,33.3416066051,Oil spill,2019-11-13T15:47:55Z,DARTIS_2019,S1B_IW_GRDH_1SDV_20191113T154820_20191113T154845_018911_023AAD_38BC.SAFE;S1B_IW_GRDH_1SDV_20191113T154755_20191113T154820_018911_023AAD_92E8.SAFE,Unverified,Imported from DARTIS_2019.tab; deduplicated by Sentinel ID
31.3578286420,33.0681243433,Oil spill,2019-11-13T15:47:55Z,DARTIS_2019,S1B_IW_GRDH_1SDV_20191113T154820_20191113T154845_018911_023AAD_38BC.SAFE,Unverified,Imported from DARTIS_2019.tab; deduplicated by Sentinel ID
33.1515599312,32.2959624125,Oil spill,2019-11-14T03:50:49Z,DARTIS_2019,S1B_IW_GRDH_1SDV_20191114T035114_20191114T035139_018918_023AE4_A4DF.SAFE,Unverified,Imported from DARTIS_2019.tab; deduplicated by Sentinel ID
32.3614060866,31.6234065472,Oil spill,2019-11-14T03:50:49Z,DARTIS_2019,S1B_IW_GRDH_1SDV_20191114T035139_20191114T035204_018918_023AE4_06B2.SAFE,Unverified,Imported from DARTIS_2019.tab; deduplicated by Sentinel ID
32.8837408680,34.7881230454,Oil spill,2019-11-14T15:40:17Z,DARTIS_2019,S1A_IW_GRDH_1SDV_20191114T154107_20191114T154132_029909_03698D_AFF8.SAFE,Unverified,Imported from DARTIS_2019.tab; deduplicated by Sentinel ID
32.9879502019,33.4098586940,Oil spill,2019-11-15T03:43:06Z,DARTIS_2019,S1A_IW_GRDH_1SDV_20191115T034356_20191115T034421_029916_0369D3_C698.SAFE,Unverified,Imported from DARTIS_2019.tab; deduplicated by Sentinel ID
34.3651252808,34.4640722418,Oil spill,2019-11-15T03:43:06Z,DARTIS_2019,S1A_IW_GRDH_1SDV_20191115T034331_20191115T034356_029916_0369D3_4DBE.SAFE,Unverified,Imported from DARTIS_2019.tab; deduplicated by Sentinel ID
33.4163900792,33.6375335278,Oil spill,2019-11-15T03:43:06Z,DARTIS_2019,S1A_IW_GRDH_1SDV_20191115T034356_20191115T034421_029916_0369D3_C698.SAFE;S1A_IW_GRDH_1SDV_20191115T034331_20191115T034356_029916_0369D3_4DBE.SAFE,Unverified,Imported from DARTIS_2019.tab; deduplicated by Sentinel ID
31.5512753256,32.1801764369,Oil spill,2019-11-18T15:56:19Z,DARTIS_2019,S1B_IW_GRDH_1SDV_20191118T155619_20191118T155644_018984_023D0A_7060.SAFE,Unverified,Imported from DARTIS_2019.tab; deduplicated by Sentinel ID
34.3625014501,31.0561806771,Oil spill,2019-11-19T03:58:59Z,DARTIS_2019,S1B_IW_GRDH_1SDV_20191119T035924_20191119T035949_018991_023D4F_586C.SAFE;S1B_IW_GRDH_1SDV_20191119T035859_20191119T035924_018991_023D4F_D58B.SAFE,Unverified,Imported from DARTIS_2019.tab; deduplicated by Sentinel ID
31.5930112306,31.9871922795,Oil spill,2019-11-19T15:48:45Z,DARTIS_2019,S1A_IW_GRDH_1SDV_20191119T154845_20191119T154910_029982_036C1D_3DEB.SAFE,Unverified,Imported from DARTIS_2019.tab; deduplicated by Sentinel ID
32.1025562010,31.4576411438,Oil spill,2019-11-20T03:51:26Z,DARTIS_2019,S1A_IW_GRDH_1SDV_20191120T035216_20191120T035241_029989_036C5B_434E.SAFE,Unverified,Imported from DARTIS_2019.tab; deduplicated by Sentinel ID
32.3115916655,30.8533406497,Oil spill,2019-11-26T03:50:49Z,DARTIS_2019,S1B_IW_GRDH_1SDV_20191126T035139_20191126T035204_019093_024085_D62E.SAFE,Unverified,Imported from DARTIS_2019.tab; deduplicated by Sentinel ID
31.6121772345,30.2545523419,Oil spill,2019-11-29T16:04:57Z,DARTIS_2019,S1A_IW_GRDH_1SDV_20191129T160522_20191129T160547_030128_03713A_62F9.SAFE,Unverified,Imported from DARTIS_2019.tab; deduplicated by Sentinel ID
31.5683911723,30.3721467479,Oil spill,2019-11-30T15:56:18Z,DARTIS_2019,S1B_IW_GRDH_1SDV_20191130T155618_20191130T155643_019159_02429A_7E10.SAFE,Unverified,Imported from DARTIS_2019.tab; deduplicated by Sentinel ID
33.2260471934,30.2498362094,Oil spill,2019-11-30T15:56:49Z,DARTIS_2019,S1B_IW_GRDH_1SDV_20191130T155649_20191130T155718_019159_02429B_1AD3.SAFE,Unverified,Imported from DARTIS_2019.tab; deduplicated by Sentinel ID
34.4822655442,30.1234633858,Oil spill,2019-11-30T15:56:49Z,DARTIS_2019,S1B_IW_GRDH_1SDV_20191130T155718_20191130T155743_019159_02429B_F8B3.SAFE,Unverified,Imported from DARTIS_2019.tab; deduplicated by Sentinel ID
31.5946925080,30.5879542175,Oil spill,2019-12-01T03:58:59Z,DARTIS_2019,S1B_IW_GRDH_1SDV_20191201T035949_20191201T040014_019166_0242DD_8737.SAFE,Unverified,Imported from DARTIS_2019.tab; deduplicated by Sentinel ID
31.4129501207,30.1734060209,Oil spill,2019-12-01T03:58:59Z,DARTIS_2019,S1B_IW_GRDH_1SDV_20191201T040014_20191201T040038_019166_0242DD_147B.SAFE;S1B_IW_GRDH_1SDV_20191201T035949_20191201T040014_019166_0242DD_8737.SAFE,Unverified,Imported from DARTIS_2019.tab; deduplicated by Sentinel ID
31.3651267875,32.7095670372,Oil spill,2019-12-01T15:48:44Z,DARTIS_2019,S1A_IW_GRDH_1SDV_20191201T154844_20191201T154909_030157_03722E_48D3.SAFE,Unverified,Imported from DARTIS_2019.tab; deduplicated by Sentinel ID
32.8532078921,33.6827142665,Oil spill,2019-12-01T15:48:44Z,DARTIS_2019,S1A_IW_GRDH_1SDV_20191201T154909_20191201T154934_030157_03722E_6A79.SAFE,Unverified,Imported from DARTIS_2019.tab; deduplicated by Sentinel ID
33.6220201310,33.1461543338,Oil spill,2019-12-07T15:47:54Z,DARTIS_2019,S1B_IW_GRDH_1SDV_20191207T154844_20191207T154909_019261_0245D7_E80A.SAFE,Unverified,Imported from DARTIS_2019.tab; deduplicated by Sentinel ID
34.5133032656,32.8055866799,Oil spill,2019-12-07T15:47:54Z,DARTIS_2019,S1B_IW_GRDH_1SDV_20191207T154909_20191207T154934_019261_0245D7_07B0.SAFE,Unverified,Imported from DARTIS_2019.tab; deduplicated by Sentinel ID
34.6985442811,32.2928156145,Oil spill,2019-12-08T03:50:48Z,DARTIS_2019,S1B_IW_GRDH_1SDV_20191208T035048_20191208T035113_019268_02460F_78B1.SAFE,Unverified,Imported from DARTIS_2019.tab; deduplicated by Sentinel ID
31.7965005379,31.8930854591,Oil spill,2019-12-12T15:56:18Z,DARTIS_2019,S1B_IW_GRDH_1SDV_20191212T155618_20191212T155643_019334_02482D_8FCC.SAFE,Unverified,Imported from DARTIS_2019.tab; deduplicated by Sentinel ID
31.8269808755,30.1041310640,Oil spill,2019-12-17T16:04:13Z,DARTIS_2019,S1B_IW_GRDH_1SDV_20191217T160438_20191217T160503_019407_024A8B_74A1.SAFE,Unverified,Imported from DARTIS_2019.tab; deduplicated by Sentinel ID
31.2441879884,32.4860078030,Oil spill,2019-12-18T15:56:45Z,DARTIS_2019,S1A_IW_GRDH_1SDV_20191218T155710_20191218T155735_030405_037AC0_C384.SAFE;S1A_IW_GRDH_1SDV_20191218T155645_20191218T155710_030405_037AC0_57F0.SAFE,Unverified,Imported from DARTIS_2019.tab; deduplicated by Sentinel ID
31.4035186060,32.5049821119,Oil spill,2019-12-18T15:56:45Z,DARTIS_2019,S1A_IW_GRDH_1SDV_20191218T155710_20191218T155735_030405_037AC0_C384.SAFE,Unverified,Imported from DARTIS_2019.tab; deduplicated by Sentinel ID
33.2582559758,30.5023353242,Oil spill,2019-12-19T03:59:35Z,DARTIS_2019,S1A_IW_GRDH_1SDV_20191219T040000_20191219T040025_030412_037AF3_C394.SAFE,Unverified,Imported from DARTIS_2019.tab; deduplicated by Sentinel ID
32.8925399169,30.5950525975,Oil spill,2019-12-19T03:59:35Z,DARTIS_2019,S1A_IW_GRDH_1SDV_20191219T040025_20191219T040050_030412_037AF3_317B.SAFE,Unverified,Imported from DARTIS_2019.tab; deduplicated by Sentinel ID
33.5863604185,33.6670362066,Oil spill,2019-12-19T15:47:53Z,DARTIS_2019,S1B_IW_GRDH_1SDV_20191219T154843_20191219T154908_019436_024B6B_D265.SAFE,Unverified,Imported from DARTIS_2019.tab; deduplicated by Sentinel ID
34.0319283056,32.4925511494,Oil spill,2019-12-20T03:50:48Z,DARTIS_2019,S1B_IW_GRDH_1SDV_20191220T035113_20191220T035138_019443_024BA5_ABE1.SAFE,Unverified,Imported from DARTIS_2019.tab; deduplicated by Sentinel ID
31.5392164240,32.1927482150,Oil spill,2019-12-20T03:50:48Z,DARTIS_2019,S1B_IW_GRDH_1SDV_20191220T035138_20191220T035203_019443_024BA5_58BF.SAFE,Unverified,Imported from DARTIS_2019.tab; deduplicated by Sentinel ID
34.2750138093,33.8579805560,Oil spill,2019-12-20T15:40:15Z,DARTIS_2019,S1A_IW_GRDH_1SDV_20191220T154130_20191220T154155_030434_037BB3_2D8A.SAFE,Unverified,Imported from DARTIS_2019.tab; deduplicated by Sentinel ID
34.4666851114,34.1650495748,Oil spill,2019-12-21T03:43:05Z,DARTIS_2019,S1A_IW_GRDH_1SDV_20191221T034330_20191221T034355_030441_037BF3_5BD0.SAFE,Unverified,Imported from DARTIS_2019.tab; deduplicated by Sentinel ID
33.2218636326,34.2629256099,Oil spill,2019-12-21T03:43:05Z,DARTIS_2019,S1A_IW_GRDH_1SDV_20191221T034355_20191221T034420_030441_037BF3_EAD0.SAFE,Unverified,Imported from DARTIS_2019.tab; deduplicated by Sentinel ID
31.2437613673,32.9621452660,Oil spill,2019-12-21T03:43:05Z,DARTIS_2019,S1A_IW_GRDH_1SDV_20191221T034420_20191221T034445_030441_037BF3_B34A.SAFE,Unverified,Imported from DARTIS_2019.tab; deduplicated by Sentinel ID
34.2864166978,35.5602107221,Oil spill,2019-12-21T15:31:35Z,DARTIS_2019,S1B_IW_GRDH_1SDV_20191221T153225_20191221T153250_019465_024C52_5DD4.SAFE,Unverified,Imported from DARTIS_2019.tab; deduplicated by Sentinel ID
34.4574844598,35.7992128103,Oil spill,2019-01-01T03:42:35Z,DARTIS_2019,S1B_IW_GRDH_1SDV_20190101T034235_20190101T034300_014295_01A97E_458A.SAFE,Unverified,Imported from DARTIS_2019.tab; deduplicated by Sentinel ID
31.4731749425,34.3716732705,Oil spill,2019-01-01T03:42:35Z,DARTIS_2019,S1B_IW_GRDH_1SDV_20190101T034325_20190101T034350_014295_01A97E_5586.SAFE,Unverified,Imported from DARTIS_2019.tab; deduplicated by Sentinel ID
31.2808559350,32.4271257742,Oil spill,2019-01-04T15:56:38Z,DARTIS_2019,S1A_IW_GRDH_1SDV_20190104T155703_20190104T155728_025330_02CD9D_BBAA.SAFE;S1A_IW_GRDH_1SDV_20190104T155638_20190104T155703_025330_02CD9D_AC3C.SAFE,Unverified,Imported from DARTIS_2019.tab; deduplicated by Sentinel ID
31.2916334257,30.0967392438,Oil spill,2019-01-05T03:59:28Z,DARTIS_2019,S1A_IW_GRDH_1SDV_20190105T040043_20190105T040108_025337_02CDDA_FAEC.SAFE,Unverified,Imported from DARTIS_2019.tab; deduplicated by Sentinel ID
31.2795524380,32.4200653804,Oil spill,2019-01-05T15:47:46Z,DARTIS_2019,S1B_IW_GRDH_1SDV_20190105T154811_20190105T154836_014361_01AB8D_E799.SAFE,Unverified,Imported from DARTIS_2019.tab; deduplicated by Sentinel ID
31.3820534753,34.2837112686,Oil spill,2019-01-11T15:48:36Z,DARTIS_2019,S1A_IW_GRDH_1SDV_20190111T154836_20190111T154901_025432_02D14A_E884.SAFE,Unverified,Imported from DARTIS_2019.tab; deduplicated by Sentinel ID
33.9019045300,35.4564290982,Oil spill,2019-01-13T03:42:35Z,DARTIS_2019,S1B_IW_GRDH_1SDV_20190113T034235_20190113T034300_014470_01AF20_B0E8.SAFE,Unverified,Imported from DARTIS_2019.tab; deduplicated by Sentinel ID
33.5373764803,35.3536714007,Oil spill,2019-01-13T03:42:35Z,DARTIS_2019,S1B_IW_GRDH_1SDV_20190113T034300_20190113T034325_014470_01AF20_AB85.SAFE,Unverified,Imported from DARTIS_2019.tab; deduplicated by Sentinel ID
31.4925464429,34.3896723445,Oil spill,2019-01-13T03:42:35Z,DARTIS_2019,S1B_IW_GRDH_1SDV_20190113T034325_20190113T034350_014470_01AF20_64D4.SAFE,Unverified,Imported from DARTIS_2019.tab; deduplicated by Sentinel ID
34.6293437836,33.0402231142,Oil spill,2019-01-18T03:50:40Z,DARTIS_2019,S1B_IW_GRDH_1SDV_20190118T035040_20190118T035105_014543_01B170_CD8E.SAFE,Unverified,Imported from DARTIS_2019.tab; deduplicated by Sentinel ID
31.5086506038,34.4038177895,Oil spill,2019-01-19T03:42:58Z,DARTIS_2019,S1A_IW_GRDH_1SDV_20190119T034413_20190119T034438_025541_02D53C_2811.SAFE,Unverified,Imported from DARTIS_2019.tab; deduplicated by Sentinel ID
31.3004578912,30.0837062240,Oil spill,2019-01-21T16:04:49Z,DARTIS_2019,S1A_IW_GRDH_1SDV_20190121T160514_20190121T160539_025578_02D6AC_7E52.SAFE,Unverified,Imported from DARTIS_2019.tab; deduplicated by Sentinel ID
31.2859491614,30.1461989765,Oil spill,2019-01-23T03:58:50Z,DARTIS_2019,S1B_IW_GRDH_1SDV_20190123T040005_20190123T040029_014616_01B3CB_3529.SAFE,Unverified,Imported from DARTIS_2019.tab; deduplicated by Sentinel ID
31.1581366004,32.9107391435,Oil spill,2019-01-24T03:51:17Z,DARTIS_2019,S1A_IW_GRDH_1SDV_20190124T035232_20190124T035258_025614_02D7E5_9158.SAFE,Unverified,Imported from DARTIS_2019.tab; deduplicated by Sentinel ID
33.9998375546,35.6364912403,Oil spill,2019-01-25T03:42:34Z,DARTIS_2019,S1B_IW_GRDH_1SDV_20190125T034234_20190125T034259_014645_01B4B6_3194.SAFE,Unverified,Imported from DARTIS_2019.tab; deduplicated by Sentinel ID
31.4936520292,34.3937001363,Oil spill,2019-01-25T03:42:34Z,DARTIS_2019,S1B_IW_GRDH_1SDV_20190125T034324_20190125T034349_014645_01B4B6_07EC.SAFE,Unverified,Imported from DARTIS_2019.tab; deduplicated by Sentinel ID
31.3136001887,30.0831606665,Oil spill,2019-01-28T15:56:38Z,DARTIS_2019,S1A_IW_GRDH_1SDV_20190128T155703_20190128T155728_025680_02DA53_C5E0.SAFE,Unverified,Imported from DARTIS_2019.tab; deduplicated by Sentinel ID
31.3062202565,30.0920912396,Oil spill,2019-01-29T03:59:27Z,DARTIS_2019,S1A_IW_GRDH_1SDV_20190129T040042_20190129T040107_025687_02DA92_3072.SAFE,Unverified,Imported from DARTIS_2019.tab; deduplicated by Sentinel ID
33.9855327300,35.5967580773,Oil spill,2019-01-31T03:42:57Z,DARTIS_2019,S1A_IW_GRDH_1SDV_20190131T034322_20190131T034347_025716_02DBA1_0593.SAFE,Unverified,Imported from DARTIS_2019.tab; deduplicated by Sentinel ID
33.5121146641,35.3246589990,Oil spill,2019-02-01T03:34:08Z,DARTIS_2019,S1B_IW_GRDH_1SDV_20190201T033433_20190201T033458_014747_01B7F6_1FCC.SAFE,Unverified,Imported from DARTIS_2019.tab; deduplicated by Sentinel ID
31.2894798021,32.3223721475,Oil spill,2019-02-05T03:51:16Z,DARTIS_2019,S1A_IW_GRDH_1SDV_20190205T035231_20190205T035258_025789_02DE41_06AE.SAFE,Unverified,Imported from DARTIS_2019.tab; deduplicated by Sentinel ID
31.3850643116,34.2825191168,Oil spill,2019-02-05T15:39:42Z,DARTIS_2019,S1B_IW_GRDH_1SDV_20190205T153942_20190205T154007_014813_01BA3E_6C80.SAFE,Unverified,Imported from DARTIS_2019.tab; deduplicated by Sentinel ID
33.7638311216,35.4505466423,Oil spill,2019-02-06T03:42:34Z,DARTIS_2019,S1B_IW_GRDH_1SDV_20190206T034234_20190206T034259_014820_01BA76_DF73.SAFE,Unverified,Imported from DARTIS_2019.tab; deduplicated by Sentinel ID
34.4323203009,35.8151803428,Oil spill,2019-02-06T15:32:20Z,DARTIS_2019,S1A_IW_GRDH_1SDV_20190206T153310_20190206T153335_025811_02DEF1_5B8B.SAFE,Unverified,Imported from DARTIS_2019.tab; deduplicated by Sentinel ID
33.9850862526,35.5818783032,Oil spill,2019-02-07T03:34:54Z,DARTIS_2019,S1A_IW_GRDH_1SDV_20190207T033519_20190207T033544_025818_02DF3B_4DF4.SAFE,Unverified,Imported from DARTIS_2019.tab; deduplicated by Sentinel ID
31.2486398774,32.4551347593,Oil spill,2019-02-09T15:56:37Z,DARTIS_2019,S1A_IW_GRDH_1SDV_20190209T155702_20190209T155727_025855_02E09D_A961.SAFE;S1A_IW_GRDH_1SDV_20190209T155637_20190209T155702_025855_02E09D_59D4.SAFE,Unverified,Imported from DARTIS_2019.tab; deduplicated by Sentinel ID
31.3162799007,30.0808191508,Oil spill,2019-02-09T15:56:37Z,DARTIS_2019,S1A_IW_GRDH_1SDV_20190209T155702_20190209T155727_025855_02E09D_A961.SAFE,Unverified,Imported from DARTIS_2019.tab; deduplicated by Sentinel ID
34.6809685519,33.3040318518,Oil spill,2019-02-11T03:50:40Z,DARTIS_2019,S1B_IW_GRDH_1SDV_20190211T035040_20190211T035105_014893_01BCCD_3B74.SAFE,Unverified,Imported from DARTIS_2019.tab; deduplicated by Sentinel ID
31.4970725409,34.3917764404,Oil spill,2019-02-12T03:42:57Z,DARTIS_2019,S1A_IW_GRDH_1SDV_20190212T034412_20190212T034437_025891_02E1DC_36F3.SAFE,Unverified,Imported from DARTIS_2019.tab; deduplicated by Sentinel ID
34.5465428447,35.9193451731,Oil spill,2019-02-13T03:34:08Z,DARTIS_2019,S1B_IW_GRDH_1SDV_20190213T033433_20190213T033458_014922_01BDB4_07BD.SAFE;S1B_IW_GRDH_1SDV_20190213T033408_20190213T033433_014922_01BDB4_3D7D.SAFE,Unverified,Imported from DARTIS_2019.tab; deduplicated by Sentinel ID
31.2877240777,32.3563221764,Oil spill,2019-02-16T15:48:35Z,DARTIS_2019,S1A_IW_GRDH_1SDV_20190216T154835_20190216T154900_025957_02E43B_132D.SAFE,Unverified,Imported from DARTIS_2019.tab; deduplicated by Sentinel ID
31.5901014742,31.1988976141,Oil spill,2019-02-17T03:51:16Z,DARTIS_2019,S1A_IW_GRDH_1SDV_20190217T035231_20190217T035258_025964_02E473_E80D.SAFE;S1A_IW_GRDH_1SDV_20190217T035206_20190217T035231_025964_02E473_9766.SAFE,Unverified,Imported from DARTIS_2019.tab; deduplicated by Sentinel ID
31.4499399292,31.5698935578,Oil spill,2019-02-17T03:51:16Z,DARTIS_2019,S1A_IW_GRDH_1SDV_20190217T035231_20190217T035258_025964_02E473_E80D.SAFE,Unverified,Imported from DARTIS_2019.tab; deduplicated by Sentinel ID
34.3031921401,35.6574313119,Oil spill,2019-02-18T03:42:34Z,DARTIS_2019,S1B_IW_GRDH_1SDV_20190218T034234_20190218T034259_014995_01C035_8F1B.SAFE,Unverified,Imported from DARTIS_2019.tab; deduplicated by Sentinel ID
33.6297636168,35.3891209769,Oil spill,2019-02-18T03:42:34Z,DARTIS_2019,S1B_IW_GRDH_1SDV_20190218T034259_20190218T034324_014995_01C035_58C9.SAFE;S1B_IW_GRDH_1SDV_20190218T034234_20190218T034259_014995_01C035_8F1B.SAFE,Unverified,Imported from DARTIS_2019.tab; deduplicated by Sentinel ID
31.4751764615,34.3801815592,Oil spill,2019-02-18T03:42:34Z,DARTIS_2019,S1B_IW_GRDH_1SDV_20190218T034324_20190218T034349_014995_01C035_0338.SAFE,Unverified,Imported from DARTIS_2019.tab; deduplicated by Sentinel ID
33.8021479385,35.4370236220,Oil spill,2019-02-19T03:34:54Z,DARTIS_2019,S1A_IW_GRDH_1SDV_20190219T033519_20190219T033544_025993_02E57A_1169.SAFE,Unverified,Imported from DARTIS_2019.tab; deduplicated by Sentinel ID
31.3124635713,30.0898619175,Oil spill,2019-02-20T16:04:04Z,DARTIS_2019,S1B_IW_GRDH_1SDV_20190220T160429_20190220T160454_015032_01C169_6D4F.SAFE,Unverified,Imported from DARTIS_2019.tab; deduplicated by Sentinel ID
31.2207742886,32.4606176722,Oil spill,2019-02-21T15:56:37Z,DARTIS_2019,S1A_IW_GRDH_1SDV_20190221T155637_20190221T155702_026030_02E6CF_CB00.SAFE,Unverified,Imported from DARTIS_2019.tab; deduplicated by Sentinel ID
33.0335695985,35.0933694747,Oil spill,2019-02-23T15:40:07Z,DARTIS_2019,S1A_IW_GRDH_1SDV_20190223T154057_20190223T154122_026059_02E7D6_A9E6.SAFE,Unverified,Imported from DARTIS_2019.tab; deduplicated by Sentinel ID
31.6575832471,34.5328912562,Oil spill,2019-02-24T03:42:57Z,DARTIS_2019,S1A_IW_GRDH_1SDV_20190224T034412_20190224T034437_026066_02E816_BEB1.SAFE,Unverified,Imported from DARTIS_2019.tab; deduplicated by Sentinel ID
34.5146761292,35.9400481153,Oil spill,2019-02-25T03:34:08Z,DARTIS_2019,S1B_IW_GRDH_1SDV_20190225T033433_20190225T033458_015097_01C374_2456.SAFE;S1B_IW_GRDH_1SDV_20190225T033408_20190225T033433_015097_01C374_8457.SAFE,Unverified,Imported from DARTIS_2019.tab; deduplicated by Sentinel ID
34.4657061899,35.7691241580,Oil spill,2019-02-25T03:34:08Z,DARTIS_2019,S1B_IW_GRDH_1SDV_20190225T033433_20190225T033458_015097_01C374_2456.SAFE,Unverified,Imported from DARTIS_2019.tab; deduplicated by Sentinel ID
34.0441140928,35.6033198150,Oil spill,2019-03-02T03:42:34Z,DARTIS_2019,S1B_IW_GRDH_1SDV_20190302T034234_20190302T034259_015170_01C5ED_04F5.SAFE,Unverified,Imported from DARTIS_2019.tab; deduplicated by Sentinel ID
31.4043567208,30.0726567859,Oil spill,2019-03-06T03:59:26Z,DARTIS_2019,S1A_IW_GRDH_1SDV_20190306T040041_20190306T040106_026212_02ED51_8E68.SAFE,Unverified,Imported from DARTIS_2019.tab; deduplicated by Sentinel ID
31.2376923730,33.3765292712,Oil spill,2019-03-06T15:47:45Z,DARTIS_2019,S1B_IW_GRDH_1SDV_20190306T154745_20190306T154810_015236_01C814_B914.SAFE,Unverified,Imported from DARTIS_2019.tab; deduplicated by Sentinel ID
31.3168970976,30.0801829362,Oil spill,2019-03-10T16:04:48Z,DARTIS_2019,S1A_IW_GRDH_1SDV_20190310T160513_20190310T160538_026278_02EFD1_0733.SAFE,Unverified,Imported from DARTIS_2019.tab; deduplicated by Sentinel ID
33.9220828892,35.5477717358,Oil spill,2019-03-14T03:42:34Z,DARTIS_2019,S1B_IW_GRDH_1SDV_20190314T034234_20190314T034259_015345_01CBA8_E507.SAFE,Unverified,Imported from DARTIS_2019.tab; deduplicated by Sentinel ID
33.6604073082,35.3935647821,Oil spill,2019-03-14T03:42:34Z,DARTIS_2019,S1B_IW_GRDH_1SDV_20190314T034259_20190314T034324_015345_01CBA8_7B51.SAFE;S1B_IW_GRDH_1SDV_20190314T034234_20190314T034259_015345_01CBA8_E507.SAFE,Unverified,Imported from DARTIS_2019.tab; deduplicated by Sentinel ID
31.3089064500,30.0818457090,Oil spill,2019-03-17T15:56:37Z,DARTIS_2019,S1A_IW_GRDH_1SDV_20190317T155702_20190317T155727_026380_02F38B_5C28.SAFE,Unverified,Imported from DARTIS_2019.tab; deduplicated by Sentinel ID
31.3321938504,34.2178795189,Oil spill,2019-03-26T03:42:34Z,DARTIS_2019,S1B_IW_GRDH_1SDV_20190326T034324_20190326T034349_015520_01D15F_C18B.SAFE,Unverified,Imported from DARTIS_2019.tab; deduplicated by Sentinel ID
31.3938382392,30.3058340347,Oil spill,2019-04-05T03:58:50Z,DARTIS_2019,S1B_IW_GRDH_1SDV_20190405T040005_20190405T040029_015666_01D628_7546.SAFE;S1B_IW_GRDH_1SDV_20190405T035940_20190405T040005_015666_01D628_676F.SAFE,Unverified,Imported from DARTIS_2019.tab; deduplicated by Sentinel ID
33.2283591382,35.2045674711,Oil spill,2019-04-06T15:39:42Z,DARTIS_2019,S1B_IW_GRDH_1SDV_20190406T154007_20190406T154032_015688_01D6ED_92E4.SAFE,Unverified,Imported from DARTIS_2019.tab; deduplicated by Sentinel ID
31.4906832276,34.3897087443,Oil spill,2019-04-07T03:42:34Z,DARTIS_2019,S1B_IW_GRDH_1SDV_20190407T034324_20190407T034349_015695_01D728_35B4.SAFE,Unverified,Imported from DARTIS_2019.tab; deduplicated by Sentinel ID
31.3128648495,30.0820798204,Oil spill,2019-04-09T16:04:05Z,DARTIS_2019,S1B_IW_GRDH_1SDV_20190409T160430_20190409T160455_015732_01D85B_FCAC.SAFE,Unverified,Imported from DARTIS_2019.tab; deduplicated by Sentinel ID
31.2792114752,32.4541807601,Oil spill,2019-04-10T15:56:37Z,DARTIS_2019,S1A_IW_GRDH_1SDV_20190410T155702_20190410T155727_026730_030069_18D5.SAFE;S1A_IW_GRDH_1SDV_20190410T155637_20190410T155702_026730_030069_F270.SAFE,Unverified,Imported from DARTIS_2019.tab; deduplicated by Sentinel ID
31.4689503688,34.3563972552,Oil spill,2019-04-13T03:42:57Z,DARTIS_2019,S1A_IW_GRDH_1SDV_20190413T034412_20190413T034437_026766_0301B4_815C.SAFE,Unverified,Imported from DARTIS_2019.tab; deduplicated by Sentinel ID
34.6539819945,33.3599279773,Oil spill,2019-04-19T03:42:34Z,DARTIS_2019,S1B_IW_GRDH_1SDV_20190419T034234_20190419T034259_015870_01DCF1_643E.SAFE,Unverified,Imported from DARTIS_2019.tab; deduplicated by Sentinel ID
31.5338484637,34.4273100230,Oil spill,2019-04-19T03:42:34Z,DARTIS_2019,S1B_IW_GRDH_1SDV_20190419T034324_20190419T034349_015870_01DCF1_E67E.SAFE,Unverified,Imported from DARTIS_2019.tab; deduplicated by Sentinel ID
31.2852801523,32.3562663995,Oil spill,2019-04-22T15:56:38Z,DARTIS_2019,S1A_IW_GRDH_1SDV_20190422T155703_20190422T155728_026905_0306B7_01CA.SAFE;S1A_IW_GRDH_1SDV_20190422T155638_20190422T155703_026905_0306B7_70C6.SAFE,Unverified,Imported from DARTIS_2019.tab; deduplicated by Sentinel ID
31.3216249295,34.2072430564,Oil spill,2019-04-25T03:42:58Z,DARTIS_2019,S1A_IW_GRDH_1SDV_20190425T034413_20190425T034438_026941_030806_CB88.SAFE,Unverified,Imported from DARTIS_2019.tab; deduplicated by Sentinel ID
31.6597784880,34.4749376412,Oil spill,2019-04-30T15:39:43Z,DARTIS_2019,S1B_IW_GRDH_1SDV_20190430T153943_20190430T154008_016038_01E28F_0B7C.SAFE,Unverified,Imported from DARTIS_2019.tab; deduplicated by Sentinel ID
31.3069317539,30.0844209571,Oil spill,2019-05-03T16:04:06Z,DARTIS_2019,S1B_IW_GRDH_1SDV_20190503T160431_20190503T160456_016082_01E3FE_B525.SAFE,Unverified,Imported from DARTIS_2019.tab; deduplicated by Sentinel ID
32.3826918926,34.8562579013,Oil spill,2019-05-13T03:42:19Z,DARTIS_2019,S1B_IW_GRDH_1SDV_20190513T034309_20190513T034334_016220_01E86A_4EC1.SAFE,Unverified,Imported from DARTIS_2019.tab; deduplicated by Sentinel ID
34.1661799087,35.5105838137,Oil spill,2019-05-13T15:32:22Z,DARTIS_2019,S1A_IW_GRDH_1SDV_20190513T153312_20190513T153337_027211_03114D_1AE8.SAFE,Unverified,Imported from DARTIS_2019.tab; deduplicated by Sentinel ID
31.2987920198,30.0991017316,Oil spill,2019-05-17T03:59:29Z,DARTIS_2019,S1A_IW_GRDH_1SDV_20190517T040044_20190517T040109_027262_0312E9_A2BD.SAFE,Unverified,Imported from DARTIS_2019.tab; deduplicated by Sentinel ID
31.7649652475,34.6000610674,Oil spill,2019-05-19T03:42:59Z,DARTIS_2019,S1A_IW_GRDH_1SDV_20190519T034414_20190519T034439_027291_0313E1_23BF.SAFE;S1A_IW_GRDH_1SDV_20190519T034349_20190519T034414_027291_0313E1_57A7.SAFE,Unverified,Imported from DARTIS_2019.tab; deduplicated by Sentinel ID
34.6852049767,33.3541741115,Oil spill,2019-05-23T15:48:38Z,DARTIS_2019,S1A_IW_GRDH_1SDV_20190523T154928_20190523T154953_027357_0315EA_D01B.SAFE,Unverified,Imported from DARTIS_2019.tab; deduplicated by Sentinel ID
31.3131098876,32.3681491880,Oil spill,2019-05-24T03:51:19Z,DARTIS_2019,S1A_IW_GRDH_1SDV_20190524T035234_20190524T035300_027364_031625_7F1D.SAFE,Unverified,Imported from DARTIS_2019.tab; deduplicated by Sentinel ID
31.2644554963,33.3633152938,Oil spill,2019-05-29T15:47:48Z,DARTIS_2019,S1B_IW_GRDH_1SDV_20190529T154748_20190529T154813_016461_01EFC4_EB6A.SAFE,Unverified,Imported from DARTIS_2019.tab; deduplicated by Sentinel ID
31.6150981265,34.4895752609,Oil spill,2019-05-29T15:47:48Z,DARTIS_2019,S1B_IW_GRDH_1SDV_20190529T154813_20190529T154838_016461_01EFC4_3A8F.SAFE,Unverified,Imported from DARTIS_2019.tab; deduplicated by Sentinel ID
32.4531951216,34.8589360701,Oil spill,2019-06-06T03:42:21Z,DARTIS_2019,S1B_IW_GRDH_1SDV_20190606T034311_20190606T034336_016570_01F315_5C67.SAFE,Unverified,Imported from DARTIS_2019.tab; deduplicated by Sentinel ID
34.4247752762,35.8117628122,Oil spill,2019-06-06T15:32:23Z,DARTIS_2019,S1A_IW_GRDH_1SDV_20190606T153313_20190606T153338_027561_031C2E_9D61.SAFE,Unverified,Imported from DARTIS_2019.tab; deduplicated by Sentinel ID
31.2738616535,32.3648179014,Oil spill,2019-06-09T15:56:40Z,DARTIS_2019,S1A_IW_GRDH_1SDV_20190609T155705_20190609T155730_027605_031D91_8BA8.SAFE;S1A_IW_GRDH_1SDV_20190609T155640_20190609T155705_027605_031D91_AC88.SAFE,Unverified,Imported from DARTIS_2019.tab; deduplicated by Sentinel ID
31.3110762005,30.1012711608,Oil spill,2019-06-09T15:56:40Z,DARTIS_2019,S1A_IW_GRDH_1SDV_20190609T155705_20190609T155730_027605_031D91_8BA8.SAFE,Unverified,Imported from DARTIS_2019.tab; deduplicated by Sentinel ID
31.3254971858,30.1329575557,Oil spill,2019-06-14T16:04:52Z,DARTIS_2019,S1A_IW_GRDH_1SDV_20190614T160517_20190614T160542_027678_031FC6_6583.SAFE,Unverified,Imported from DARTIS_2019.tab; deduplicated by Sentinel ID
31.3154974811,30.0862071497,Oil spill,2019-06-16T03:58:53Z,DARTIS_2019,S1B_IW_GRDH_1SDV_20190616T040008_20190616T040032_016716_01F766_6FBC.SAFE,Unverified,Imported from DARTIS_2019.tab; deduplicated by Sentinel ID
31.2869854679,32.5166313016,Oil spill,2019-06-16T15:48:39Z,DARTIS_2019,S1A_IW_GRDH_1SDV_20190616T154839_20190616T154904_027707_0320A3_5FB2.SAFE,Unverified,Imported from DARTIS_2019.tab; deduplicated by Sentinel ID
31.6445115527,34.5126764467,Oil spill,2019-06-18T03:42:21Z,DARTIS_2019,S1B_IW_GRDH_1SDV_20190618T034336_20190618T034401_016745_01F848_6273.SAFE;S1B_IW_GRDH_1SDV_20190618T034311_20190618T034336_016745_01F848_5E80.SAFE,Unverified,Imported from DARTIS_2019.tab; deduplicated by Sentinel ID
31.5450534250,34.4369249097,Oil spill,2019-06-18T03:42:21Z,DARTIS_2019,S1B_IW_GRDH_1SDV_20190618T034336_20190618T034401_016745_01F848_6273.SAFE,Unverified,Imported from DARTIS_2019.tab; deduplicated by Sentinel ID
34.4729053354,35.8926340583,Oil spill,2019-06-19T03:34:57Z,DARTIS_2019,S1A_IW_GRDH_1SDV_20190619T033457_20190619T033522_027743_0321AE_AA16.SAFE,Unverified,Imported from DARTIS_2019.tab; deduplicated by Sentinel ID
31.2251897213,32.4014105928,Oil spill,2019-06-21T15:56:41Z,DARTIS_2019,S1A_IW_GRDH_1SDV_20190621T155641_20190621T155706_027780_0322C6_F246.SAFE,Unverified,Imported from DARTIS_2019.tab; deduplicated by Sentinel ID
31.3133533336,30.1072213421,Oil spill,2019-06-21T15:56:41Z,DARTIS_2019,S1A_IW_GRDH_1SDV_20190621T155706_20190621T155731_027780_0322C6_D33C.SAFE,Unverified,Imported from DARTIS_2019.tab; deduplicated by Sentinel ID
34.6380625762,33.0695197462,Oil spill,2019-06-22T15:47:49Z,DARTIS_2019,S1B_IW_GRDH_1SDV_20190622T154904_20190622T154929_016811_01FA2F_B265.SAFE,Unverified,Imported from DARTIS_2019.tab; deduplicated by Sentinel ID
31.3948837006,30.2413565783,Oil spill,2019-06-28T03:58:54Z,DARTIS_2019,S1B_IW_GRDH_1SDV_20190628T040009_20190628T040033_016891_01FC8F_8CA8.SAFE;S1B_IW_GRDH_1SDV_20190628T035944_20190628T040009_016891_01FC8F_02B3.SAFE,Unverified,Imported from DARTIS_2019.tab; deduplicated by Sentinel ID
31.3057904184,30.0884364618,Oil spill,2019-06-28T03:58:54Z,DARTIS_2019,S1B_IW_GRDH_1SDV_20190628T040009_20190628T040033_016891_01FC8F_8CA8.SAFE,Unverified,Imported from DARTIS_2019.tab; deduplicated by Sentinel ID
31.3681279728,32.1638259166,Oil spill,2019-07-03T15:56:42Z,DARTIS_2019,S1A_IW_GRDH_1SDV_20190703T155707_20190703T155732_027955_03280F_4059.SAFE,Unverified,Imported from DARTIS_2019.tab; deduplicated by Sentinel ID
31.2795147708,32.3462280856,Oil spill,2019-07-04T15:47:50Z,DARTIS_2019,S1B_IW_GRDH_1SDV_20190704T154815_20190704T154840_016986_01FF5D_EF00.SAFE,Unverified,Imported from DARTIS_2019.tab; deduplicated by Sentinel ID
33.3132652595,35.1781391273,Oil spill,2019-07-07T03:34:13Z,DARTIS_2019,S1B_IW_GRDH_1SDV_20190707T033438_20190707T033503_017022_02005E_E3D4.SAFE,Unverified,Imported from DARTIS_2019.tab; deduplicated by Sentinel ID
34.6645142951,32.4185270015,Oil spill,2019-07-10T15:48:40Z,DARTIS_2019,S1A_IW_GRDH_1SDV_20190710T154930_20190710T154955_028057_032B2E_D40F.SAFE,Unverified,Imported from DARTIS_2019.tab; deduplicated by Sentinel ID
31.2368652993,32.3529796904,Oil spill,2019-07-11T03:51:21Z,DARTIS_2019,S1A_IW_GRDH_1SDV_20190711T035236_20190711T035303_028064_032B5E_B97C.SAFE,Unverified,Imported from DARTIS_2019.tab; deduplicated by Sentinel ID
31.8531612635,34.6515788199,Oil spill,2019-07-12T03:42:23Z,DARTIS_2019,S1B_IW_GRDH_1SDV_20190712T034313_20190712T034338_017095_02029D_FE28.SAFE,Unverified,Imported from DARTIS_2019.tab; deduplicated by Sentinel ID
31.6410315019,34.5149660933,Oil spill,2019-07-12T03:42:23Z,DARTIS_2019,S1B_IW_GRDH_1SDV_20190712T034338_20190712T034403_017095_02029D_4A64.SAFE;S1B_IW_GRDH_1SDV_20190712T034313_20190712T034338_017095_02029D_FE28.SAFE,Unverified,Imported from DARTIS_2019.tab; deduplicated by Sentinel ID
31.5369360439,34.4368167348,Oil spill,2019-07-12T03:42:23Z,DARTIS_2019,S1B_IW_GRDH_1SDV_20190712T034338_20190712T034403_017095_02029D_4A64.SAFE,Unverified,Imported from DARTIS_2019.tab; deduplicated by Sentinel ID
31.3048682572,30.1122044992,Oil spill,2019-07-14T16:04:10Z,DARTIS_2019,S1B_IW_GRDH_1SDV_20190714T160435_20190714T160500_017132_0203A9_49DE.SAFE,Unverified,Imported from DARTIS_2019.tab; deduplicated by Sentinel ID
31.3177119499,32.3041316983,Oil spill,2019-07-15T15:56:43Z,DARTIS_2019,S1A_IW_GRDH_1SDV_20190715T155708_20190715T155733_028130_032D5B_FC3B.SAFE;S1A_IW_GRDH_1SDV_20190715T155643_20190715T155708_028130_032D5B_CF97.SAFE,Unverified,Imported from DARTIS_2019.tab; deduplicated by Sentinel ID
31.3129141474,32.4178852927,Oil spill,2019-07-23T03:51:22Z,DARTIS_2019,S1A_IW_GRDH_1SDV_20190723T035237_20190723T035304_028239_0330A7_2013.SAFE,Unverified,Imported from DARTIS_2019.tab; deduplicated by Sentinel ID
32.9026780321,35.0098219734,Oil spill,2019-07-23T15:39:48Z,DARTIS_2019,S1B_IW_GRDH_1SDV_20190723T154013_20190723T154038_017263_020781_2CF5.SAFE,Unverified,Imported from DARTIS_2019.tab; deduplicated by Sentinel ID
33.3004093020,35.1754727689,Oil spill,2019-07-25T03:35:00Z,DARTIS_2019,S1A_IW_GRDH_1SDV_20190725T033525_20190725T033550_028268_03317E_4073.SAFE,Unverified,Imported from DARTIS_2019.tab; deduplicated by Sentinel ID
31.1883659096,32.4782787189,Oil spill,2019-07-27T15:56:43Z,DARTIS_2019,S1A_IW_GRDH_1SDV_20190727T155643_20190727T155708_028305_0332B2_1E7C.SAFE,Unverified,Imported from DARTIS_2019.tab; deduplicated by Sentinel ID
31.1506076049,32.5233547765,Oil spill,2019-07-29T03:50:46Z,DARTIS_2019,S1B_IW_GRDH_1SDV_20190729T035201_20190729T035225_017343_0209D6_3B2F.SAFE;S1B_IW_GRDH_1SDV_20190729T035136_20190729T035201_017343_0209D6_D740.SAFE,Unverified,Imported from DARTIS_2019.tab; deduplicated by Sentinel ID
32.8041447837,34.8805363710,Oil spill,2019-07-29T15:40:13Z,DARTIS_2019,S1A_IW_GRDH_1SDV_20190729T154103_20190729T154128_028334_033394_7A06.SAFE,Unverified,Imported from DARTIS_2019.tab; deduplicated by Sentinel ID
31.6449199350,34.5118171710,Oil spill,2019-07-30T03:43:03Z,DARTIS_2019,S1A_IW_GRDH_1SDV_20190730T034418_20190730T034443_028341_0333D2_9F38.SAFE,Unverified,Imported from DARTIS_2019.tab; deduplicated by Sentinel ID
34.2300505814,35.5412576435,Oil spill,2019-07-30T15:31:33Z,DARTIS_2019,S1B_IW_GRDH_1SDV_20190730T153223_20190730T153248_017365_020A74_A71C.SAFE,Unverified,Imported from DARTIS_2019.tab; deduplicated by Sentinel ID
31.2411971029,32.3456305695,Oil spill,2019-08-04T03:51:23Z,DARTIS_2019,S1A_IW_GRDH_1SDV_20190804T035238_20190804T035304_028414_0335FE_8869.SAFE,Unverified,Imported from DARTIS_2019.tab; deduplicated by Sentinel ID
31.2297452797,32.3805596624,Oil spill,2019-08-08T15:56:44Z,DARTIS_2019,S1A_IW_GRDH_1SDV_20190808T155709_20190808T155734_028480_033813_EBA6.SAFE;S1A_IW_GRDH_1SDV_20190808T155644_20190808T155709_028480_033813_9B9B.SAFE,Unverified,Imported from DARTIS_2019.tab; deduplicated by Sentinel ID
31.2867001997,30.1137300926,Oil spill,2019-08-09T03:59:34Z,DARTIS_2019,S1A_IW_GRDH_1SDV_20190809T040049_20190809T040114_028487_03384A_86C8.SAFE,Unverified,Imported from DARTIS_2019.tab; deduplicated by Sentinel ID
34.6905592566,33.3261782470,Oil spill,2019-08-10T15:40:14Z,DARTIS_2019,S1A_IW_GRDH_1SDV_20190810T154129_20190810T154154_028509_03390D_A7F5.SAFE,Unverified,Imported from DARTIS_2019.tab; deduplicated by Sentinel ID
34.1578778916,35.6088841364,Oil spill,2019-08-12T03:34:15Z,DARTIS_2019,S1B_IW_GRDH_1SDV_20190812T033440_20190812T033505_017547_020FFE_79B0.SAFE,Unverified,Imported from DARTIS_2019.tab; deduplicated by Sentinel ID
31.3326934189,30.1550609925,Oil spill,2019-08-13T16:04:56Z,DARTIS_2019,S1A_IW_GRDH_1SDV_20190813T160521_20190813T160546_028553_033AA6_6486.SAFE,Unverified,Imported from DARTIS_2019.tab; deduplicated by Sentinel ID
31.4601107265,34.3617041815,Oil spill,2019-08-17T03:42:25Z,DARTIS_2019,S1B_IW_GRDH_1SDV_20190817T034340_20190817T034405_017620_021260_79A2.SAFE,Unverified,Imported from DARTIS_2019.tab; deduplicated by Sentinel ID
31.2447811291,32.4252697215,Oil spill,2019-08-20T15:56:45Z,DARTIS_2019,S1A_IW_GRDH_1SDV_20190820T155710_20190820T155735_028655_033E24_AFFA.SAFE;S1A_IW_GRDH_1SDV_20190820T155645_20190820T155710_028655_033E24_C67B.SAFE,Unverified,Imported from DARTIS_2019.tab; deduplicated by Sentinel ID
31.3166083001,30.0789287932,Oil spill,2019-08-27T03:58:58Z,DARTIS_2019,S1B_IW_GRDH_1SDV_20190827T040013_20190827T040037_017766_0216ED_15AD.SAFE,Unverified,Imported from DARTIS_2019.tab; deduplicated by Sentinel ID
31.6522553723,31.0578332152,Oil spill,2019-08-28T03:51:24Z,DARTIS_2019,S1A_IW_GRDH_1SDV_20190828T035239_20190828T035306_028764_0341F0_E062.SAFE;S1A_IW_GRDH_1SDV_20190828T035214_20190828T035239_028764_0341F0_762B.SAFE,Unverified,Imported from DARTIS_2019.tab; deduplicated by Sentinel ID
31.1077860327,32.5727478464,Oil spill,2019-08-28T03:51:24Z,DARTIS_2019,S1A_IW_GRDH_1SDV_20190828T035239_20190828T035306_028764_0341F0_E062.SAFE,Unverified,Imported from DARTIS_2019.tab; deduplicated by Sentinel ID
31.3257193779,30.1444298720,Oil spill,2019-08-31T16:04:13Z,DARTIS_2019,S1B_IW_GRDH_1SDV_20190831T160438_20190831T160503_017832_0218F0_776F.SAFE,Unverified,Imported from DARTIS_2019.tab; deduplicated by Sentinel ID
31.3156183631,30.0773366769,Oil spill,2019-09-02T03:59:35Z,DARTIS_2019,S1A_IW_GRDH_1SDV_20190902T040050_20190902T040115_028837_03447B_D2F2.SAFE,Unverified,Imported from DARTIS_2019.tab; deduplicated by Sentinel ID
31.2166958609,32.4573911615,Oil spill,2019-09-02T15:47:53Z,DARTIS_2019,S1B_IW_GRDH_1SDV_20190902T154818_20190902T154843_017861_0219CE_E6A5.SAFE;S1B_IW_GRDH_1SDV_20190902T154753_20190902T154818_017861_0219CE_7D5A.SAFE,Unverified,Imported from DARTIS_2019.tab; deduplicated by Sentinel ID
31.6391487570,34.5100627104,Oil spill,2019-09-04T03:43:05Z,DARTIS_2019,S1A_IW_GRDH_1SDV_20190904T034420_20190904T034445_028866_034579_337E.SAFE,Unverified,Imported from DARTIS_2019.tab; deduplicated by Sentinel ID
33.5136239697,35.3196412383,Oil spill,2019-09-05T03:34:16Z,DARTIS_2019,S1B_IW_GRDH_1SDV_20190905T033441_20190905T033506_017897_021AE1_97C9.SAFE,Unverified,Imported from DARTIS_2019.tab; deduplicated by Sentinel ID
31.3229722166,30.0794221481,Oil spill,2019-09-08T03:58:58Z,DARTIS_2019,S1B_IW_GRDH_1SDV_20190908T040013_20190908T040037_017941_021C58_57F2.SAFE,Unverified,Imported from DARTIS_2019.tab; deduplicated by Sentinel ID
31.2979725006,32.4017941408,Oil spill,2019-09-13T15:56:46Z,DARTIS_2019,S1A_IW_GRDH_1SDV_20190913T155711_20190913T155736_029005_034A50_BA8D.SAFE;S1A_IW_GRDH_1SDV_20190913T155646_20190913T155711_029005_034A50_FACE.SAFE,Unverified,Imported from DARTIS_2019.tab; deduplicated by Sentinel ID
31.2128949900,33.0353813157,Oil spill,2019-09-14T15:47:54Z,DARTIS_2019,S1B_IW_GRDH_1SDV_20190914T154754_20190914T154819_018036_021F43_FD90.SAFE,Unverified,Imported from DARTIS_2019.tab; deduplicated by Sentinel ID
31.1366974450,32.6618406937,Oil spill,2019-09-15T03:50:49Z,DARTIS_2019,S1B_IW_GRDH_1SDV_20190915T035204_20190915T035228_018043_021F77_BA8F.SAFE;S1B_IW_GRDH_1SDV_20190915T035139_20190915T035204_018043_021F77_D5B3.SAFE,Unverified,Imported from DARTIS_2019.tab; deduplicated by Sentinel ID
33.0136442866,35.0804849513,Oil spill,2019-09-16T03:43:06Z,DARTIS_2019,S1A_IW_GRDH_1SDV_20190916T034356_20190916T034421_029041_034B8F_5C81.SAFE,Unverified,Imported from DARTIS_2019.tab; deduplicated by Sentinel ID
31.4759389801,34.3739960538,Oil spill,2019-09-16T03:43:06Z,DARTIS_2019,S1A_IW_GRDH_1SDV_20190916T034421_20190916T034446_029041_034B8F_8FE6.SAFE,Unverified,Imported from DARTIS_2019.tab; deduplicated by Sentinel ID
34.6781937485,33.2694151609,Oil spill,2019-09-20T15:48:44Z,DARTIS_2019,S1A_IW_GRDH_1SDV_20190920T154934_20190920T154959_029107_034DCE_D8C0.SAFE,Unverified,Imported from DARTIS_2019.tab; deduplicated by Sentinel ID
34.6750798864,33.2418974065,Oil spill,2019-09-21T03:51:25Z,DARTIS_2019,S1A_IW_GRDH_1SDV_20190921T035125_20190921T035150_029114_034E08_0160.SAFE,Unverified,Imported from DARTIS_2019.tab; deduplicated by Sentinel ID
31.3638213808,30.2182773832,Oil spill,2019-09-24T16:04:14Z,DARTIS_2019,S1B_IW_GRDH_1SDV_20190924T160439_20190924T160504_018182_0223D0_BC8E.SAFE,Unverified,Imported from DARTIS_2019.tab; deduplicated by Sentinel ID
31.2677379156,32.3812369758,Oil spill,2019-09-25T15:56:47Z,DARTIS_2019,S1A_IW_GRDH_1SDV_20190925T155712_20190925T155737_029180_035045_0057.SAFE;S1A_IW_GRDH_1SDV_20190925T155647_20190925T155712_029180_035045_7B53.SAFE,Unverified,Imported from DARTIS_2019.tab; deduplicated by Sentinel ID
31.5760598551,30.8831213592,Oil spill,2019-09-26T03:59:36Z,DARTIS_2019,S1A_IW_GRDH_1SDV_20190926T040051_20190926T040116_029187_035080_972D.SAFE;S1A_IW_GRDH_1SDV_20190926T040026_20190926T040051_029187_035080_F816.SAFE,Unverified,Imported from DARTIS_2019.tab; deduplicated by Sentinel ID
34.6840346917,33.3093278753,Oil spill,2019-09-27T03:50:49Z,DARTIS_2019,S1B_IW_GRDH_1SDV_20190927T035049_20190927T035114_018218_0224DC_62D9.SAFE,Unverified,Imported from DARTIS_2019.tab; deduplicated by Sentinel ID
31.4924037514,34.3871302377,Oil spill,2019-09-28T03:43:06Z,DARTIS_2019,S1A_IW_GRDH_1SDV_20190928T034421_20190928T034446_029216_035188_54CE.SAFE,Unverified,Imported from DARTIS_2019.tab; deduplicated by Sentinel ID
31.2877856244,30.1825603945,Oil spill,2019-09-30T16:04:58Z,DARTIS_2019,S1A_IW_GRDH_1SDV_20190930T160523_20190930T160548_029253_0352E1_73A7.SAFE,Unverified,Imported from DARTIS_2019.tab; deduplicated by Sentinel ID
31.1725384572,32.5018065211,Oil spill,2019-10-03T03:51:26Z,DARTIS_2019,S1A_IW_GRDH_1SDV_20191003T035241_20191003T035307_029289_035408_5AB5.SAFE,Unverified,Imported from DARTIS_2019.tab; deduplicated by Sentinel ID
31.4672990658,34.3635541945,Oil spill,2019-10-04T03:42:27Z,DARTIS_2019,S1B_IW_GRDH_1SDV_20191004T034342_20191004T034407_018320_02282B_F708.SAFE,Unverified,Imported from DARTIS_2019.tab; deduplicated by Sentinel ID
34.5856614922,35.9679706099,Oil spill,2019-10-05T03:35:03Z,DARTIS_2019,S1A_IW_GRDH_1SDV_20191005T033503_20191005T033528_029318_035507_57C3.SAFE,Unverified,Imported from DARTIS_2019.tab; deduplicated by Sentinel ID
34.2412031857,35.6499243615,Oil spill,2019-10-09T15:40:16Z,DARTIS_2019,S1A_IW_GRDH_1SDV_20191009T154131_20191009T154156_029384_035749_9F6C.SAFE,Unverified,Imported from DARTIS_2019.tab; deduplicated by Sentinel ID
34.2766516276,35.6372338017,Oil spill,2019-10-11T03:34:17Z,DARTIS_2019,S1B_IW_GRDH_1SDV_20191011T033442_20191011T033507_018422_022B37_C218.SAFE,Unverified,Imported from DARTIS_2019.tab; deduplicated by Sentinel ID
34.6345226423,33.0331412948,Oil spill,2019-10-15T03:51:26Z,DARTIS_2019,S1A_IW_GRDH_1SDV_20191015T035126_20191015T035151_029464_035A19_9F94.SAFE,Unverified,Imported from DARTIS_2019.tab; deduplicated by Sentinel ID
31.9149491078,34.5444564960,Oil spill,2019-10-16T03:42:27Z,DARTIS_2019,S1B_IW_GRDH_1SDV_20191016T034317_20191016T034342_018495_022D96_8EB7.SAFE,Unverified,Imported from DARTIS_2019.tab; deduplicated by Sentinel ID
31.2544992722,33.0901172437,Oil spill,2019-10-20T15:47:55Z,DARTIS_2019,S1B_IW_GRDH_1SDV_20191020T154820_20191020T154845_018561_022F8C_E7C6.SAFE;S1B_IW_GRDH_1SDV_20191020T154755_20191020T154820_018561_022F8C_BB43.SAFE,Unverified,Imported from DARTIS_2019.tab; deduplicated by Sentinel ID
34.6832595338,33.3032991055,Oil spill,2019-10-21T03:50:49Z,DARTIS_2019,S1B_IW_GRDH_1SDV_20191021T035049_20191021T035114_018568_022FC0_D1AC.SAFE,Unverified,Imported from DARTIS_2019.tab; deduplicated by Sentinel ID
34.7045020348,33.3171784664,Oil spill,2019-10-21T15:40:16Z,DARTIS_2019,S1A_IW_GRDH_1SDV_20191021T154131_20191021T154156_029559_035D56_1CD1.SAFE,Unverified,Imported from DARTIS_2019.tab; deduplicated by Sentinel ID
31.6262650441,34.5025073128,Oil spill,2019-10-22T03:43:06Z,DARTIS_2019,S1A_IW_GRDH_1SDV_20191022T034421_20191022T034446_029566_035D93_463F.SAFE,Unverified,Imported from DARTIS_2019.tab; deduplicated by Sentinel ID
31.6908516582,31.5701561009,Oil spill,2019-10-27T03:51:26Z,DARTIS_2019,S1A_IW_GRDH_1SDV_20191027T035241_20191027T035307_029639_036018_4470.SAFE;S1A_IW_GRDH_1SDV_20191027T035216_20191027T035241_029639_036018_3127.SAFE,Unverified,Imported from DARTIS_2019.tab; deduplicated by Sentinel ID
32.4069404908,34.8382133052,Oil spill,2019-10-27T15:39:51Z,DARTIS_2019,S1B_IW_GRDH_1SDV_20191027T154016_20191027T154041_018663_0232BF_6EB7.SAFE,Unverified,Imported from DARTIS_2019.tab; deduplicated by Sentinel ID
31.2499632150,32.3723630755,Oil spill,2019-10-31T15:56:47Z,DARTIS_2019,S1A_IW_GRDH_1SDV_20191031T155712_20191031T155737_029705_036271_F756.SAFE;S1A_IW_GRDH_1SDV_20191031T155647_20191031T155712_029705_036271_3010.SAFE,Unverified,Imported from DARTIS_2019.tab; deduplicated by Sentinel ID
34.6372944282,33.0443807440,Oil spill,2019-11-01T15:47:54Z,DARTIS_2019,S1B_IW_GRDH_1SDV_20191101T154909_20191101T154934_018736_023509_D85B.SAFE,Unverified,Imported from DARTIS_2019.tab; deduplicated by Sentinel ID
31.1831687086,32.4882551915,Oil spill,2019-11-02T03:50:49Z,DARTIS_2019,S1B_IW_GRDH_1SDV_20191102T035139_20191102T035204_018743_02353E_3541.SAFE,Unverified,Imported from DARTIS_2019.tab; deduplicated by Sentinel ID
31.4872351830,34.3854705904,Oil spill,2019-11-03T03:43:07Z,DARTIS_2019,S1A_IW_GRDH_1SDV_20191103T034422_20191103T034447_029741_0363B0_D43F.SAFE,Unverified,Imported from DARTIS_2019.tab; deduplicated by Sentinel ID
31.6671606589,31.1693519169,Oil spill,2019-11-06T15:56:19Z,DARTIS_2019,S1B_IW_GRDH_1SDV_20191106T155619_20191106T155644_018809_02375F_81F1.SAFE,Unverified,Imported from DARTIS_2019.tab; deduplicated by Sentinel ID
31.4780293467,34.3595591134,Oil spill,2019-11-08T15:39:51Z,DARTIS_2019,S1B_IW_GRDH_1SDV_20191108T153951_20191108T154016_018838_023867_1595.SAFE,Unverified,Imported from DARTIS_2019.tab; deduplicated by Sentinel ID
31.4710414577,34.3645206097,Oil spill,2019-11-09T03:42:27Z,DARTIS_2019,S1B_IW_GRDH_1SDV_20191109T034342_20191109T034407_018845_0238A3_42C2.SAFE,Unverified,Imported from DARTIS_2019.tab; deduplicated by Sentinel ID
34.2667758832,35.6515453978,Oil spill,2019-11-09T15:32:30Z,DARTIS_2019,S1A_IW_GRDH_1SDV_20191109T153320_20191109T153345_029836_036704_C1E1.SAFE,Unverified,Imported from DARTIS_2019.tab; deduplicated by Sentinel ID
34.6348326178,33.0352155970,Oil spill,2019-11-14T03:50:49Z,DARTIS_2019,S1B_IW_GRDH_1SDV_20191114T035049_20191114T035114_018918_023AE4_5660.SAFE,Unverified,Imported from DARTIS_2019.tab; deduplicated by Sentinel ID
31.5006022804,34.3992197670,Oil spill,2019-11-15T03:43:06Z,DARTIS_2019,S1A_IW_GRDH_1SDV_20191115T034421_20191115T034446_029916_0369D3_9DE6.SAFE,Unverified,Imported from DARTIS_2019.tab; deduplicated by Sentinel ID
31.4606045743,30.3202279564,Oil spill,2019-11-23T16:04:14Z,DARTIS_2019,S1B_IW_GRDH_1SDV_20191123T160439_20191123T160504_019057_023F6D_FB3B.SAFE,Unverified,Imported from DARTIS_2019.tab; deduplicated by Sentinel ID
33.9132385559,35.5438144158,Oil spill,2019-11-27T03:43:06Z,DARTIS_2019,S1A_IW_GRDH_1SDV_20191127T034331_20191127T034356_030091_036FE7_55A3.SAFE,Unverified,Imported from DARTIS_2019.tab; deduplicated by Sentinel ID
31.4935884677,34.3949167278,Oil spill,2019-11-27T03:43:06Z,DARTIS_2019,S1A_IW_GRDH_1SDV_20191127T034421_20191127T034446_030091_036FE7_E367.SAFE,Unverified,Imported from DARTIS_2019.tab; deduplicated by Sentinel ID
34.4640491984,35.8538828055,Oil spill,2019-11-27T15:31:36Z,DARTIS_2019,S1B_IW_GRDH_1SDV_20191127T153226_20191127T153251_019115_024136_B82C.SAFE,Unverified,Imported from DARTIS_2019.tab; deduplicated by Sentinel ID
34.4658539264,35.8425878688,Oil spill,2019-12-03T03:42:26Z,DARTIS_2019,S1B_IW_GRDH_1SDV_20191203T034251_20191203T034316_019195_0243D6_EC71.SAFE,Unverified,Imported from DARTIS_2019.tab; deduplicated by Sentinel ID
32.8281817720,35.0217303891,Oil spill,2019-12-03T03:42:26Z,DARTIS_2019,S1B_IW_GRDH_1SDV_20191203T034316_20191203T034341_019195_0243D6_6D71.SAFE,Unverified,Imported from DARTIS_2019.tab; deduplicated by Sentinel ID
31.4678119378,34.3686378915,Oil spill,2019-12-03T03:42:26Z,DARTIS_2019,S1B_IW_GRDH_1SDV_20191203T034341_20191203T034406_019195_0243D6_497E.SAFE,Unverified,Imported from DARTIS_2019.tab; deduplicated by Sentinel ID
34.4223275004,35.8063554004,Oil spill,2019-12-04T03:35:02Z,DARTIS_2019,S1A_IW_GRDH_1SDV_20191204T033502_20191204T033527_030193_037365_9BAB.SAFE,Unverified,Imported from DARTIS_2019.tab; deduplicated by Sentinel ID
31.3015430040,30.0791022993,Oil spill,2019-12-05T16:04:13Z,DARTIS_2019,S1B_IW_GRDH_1SDV_20191205T160438_20191205T160503_019232_0244F5_5369.SAFE,Unverified,Imported from DARTIS_2019.tab; deduplicated by Sentinel ID
31.2695552997,32.4316026279,Oil spill,2019-12-07T15:47:54Z,DARTIS_2019,S1B_IW_GRDH_1SDV_20191207T154819_20191207T154844_019261_0245D7_02A3.SAFE,Unverified,Imported from DARTIS_2019.tab; deduplicated by Sentinel ID
34.0279159542,35.6110511638,Oil spill,2019-12-08T15:40:16Z,DARTIS_2019,S1A_IW_GRDH_1SDV_20191208T154106_20191208T154131_030259_0375A0_49AF.SAFE,Unverified,Imported from DARTIS_2019.tab; deduplicated by Sentinel ID
34.6936632398,33.3399202418,Oil spill,2019-12-08T15:40:16Z,DARTIS_2019,S1A_IW_GRDH_1SDV_20191208T154131_20191208T154156_030259_0375A0_A790.SAFE,Unverified,Imported from DARTIS_2019.tab; deduplicated by Sentinel ID
32.4474497586,34.8717794080,Oil spill,2019-12-09T03:43:06Z,DARTIS_2019,S1A_IW_GRDH_1SDV_20191209T034356_20191209T034421_030266_0375E5_D78E.SAFE,Unverified,Imported from DARTIS_2019.tab; deduplicated by Sentinel ID
34.0265939545,35.6319179798,Oil spill,2019-12-09T15:31:36Z,DARTIS_2019,S1B_IW_GRDH_1SDV_20191209T153226_20191209T153251_019290_0246C0_89B6.SAFE,Unverified,Imported from DARTIS_2019.tab; deduplicated by Sentinel ID
31.3313908216,34.2202599184,Oil spill,2019-12-15T03:42:26Z,DARTIS_2019,S1B_IW_GRDH_1SDV_20191215T034341_20191215T034406_019370_024965_2ED6.SAFE,Unverified,Imported from DARTIS_2019.tab; deduplicated by Sentinel ID
31.3183230616,32.3720761017,Oil spill,2019-12-19T15:47:53Z,DARTIS_2019,S1B_IW_GRDH_1SDV_20191219T154818_20191219T154843_019436_024B6B_A68B.SAFE,Unverified,Imported from DARTIS_2019.tab; deduplicated by Sentinel ID
31.3848204994,30.3036932529,Oil spill,2019-12-29T16:04:12Z,DARTIS_2019,S1B_IW_GRDH_1SDV_20191229T160437_20191229T160502_019582_02501D_B2D0.SAFE,Unverified,Imported from DARTIS_2019.tab; deduplicated by Sentinel ID
34.1181954000,31.3692132250,Non Oil spill,2019-01-04T15:56:38Z,DARTIS_2019,S1A_IW_GRDH_1SDV_20190104T155728_20190104T155753_025330_02CD9D_B67E.SAFE,Unverified,Imported from DARTIS_2019.tab; deduplicated by Sentinel ID
34.0662047500,30.4448606000,Non Oil spill,2019-01-04T15:56:38Z,DARTIS_2019,S1A_IW_GRDH_1SDV_20190104T155753_20190104T155818_025330_02CD9D_5240.SAFE;S1A_IW_GRDH_1SDV_20190104T155728_20190104T155753_025330_02CD9D_B67E.SAFE,Unverified,Imported from DARTIS_2019.tab; deduplicated by Sentinel ID
32.0592883750,30.6001671000,Non Oil spill,2019-01-11T03:58:51Z,DARTIS_2019,S1B_IW_GRDH_1SDV_20190111T035941_20190111T040006_014441_01AE2F_B933.SAFE,Unverified,Imported from DARTIS_2019.tab; deduplicated by Sentinel ID
34.3355378750,31.2252069000,Non Oil spill,2019-01-11T03:58:51Z,DARTIS_2019,S1B_IW_GRDH_1SDV_20190111T035916_20190111T035941_014441_01AE2F_A0C2.SAFE;S1B_IW_GRDH_1SDV_20190111T035851_20190111T035916_014441_01AE2F_C0D7.SAFE,Unverified,Imported from DARTIS_2019.tab; deduplicated by Sentinel ID
34.2303249250,31.1329116000,Non Oil spill,2019-01-11T03:58:51Z,DARTIS_2019,S1B_IW_GRDH_1SDV_20190111T035916_20190111T035941_014441_01AE2F_A0C2.SAFE,Unverified,Imported from DARTIS_2019.tab; deduplicated by Sentinel ID
34.3165451500,31.4173206000,Non Oil spill,2019-01-11T15:48:36Z,DARTIS_2019,S1A_IW_GRDH_1SDV_20190111T154926_20190111T154951_025432_02D14A_113A.SAFE,Unverified,Imported from DARTIS_2019.tab; deduplicated by Sentinel ID
35.1006303000,32.1660068750,Non Oil spill,2019-01-11T15:48:36Z,DARTIS_2019,S1A_IW_GRDH_1SDV_20190111T154951_20190111T155016_025432_02D14A_C237.SAFE,Unverified,Imported from DARTIS_2019.tab; deduplicated by Sentinel ID
33.1134930750,34.2878920250,Non Oil spill,2019-01-12T15:39:43Z,DARTIS_2019,S1B_IW_GRDH_1SDV_20190112T154008_20190112T154033_014463_01AEE6_BC6A.SAFE,Unverified,Imported from DARTIS_2019.tab; deduplicated by Sentinel ID
34.0108675000,33.9322601750,Non Oil spill,2019-01-17T15:47:46Z,DARTIS_2019,S1B_IW_GRDH_1SDV_20190117T154836_20190117T154901_014536_01B131_45B2.SAFE,Unverified,Imported from DARTIS_2019.tab; deduplicated by Sentinel ID
35.6950691000,33.4303650750,Non Oil spill,2019-01-17T15:47:46Z,DARTIS_2019,S1B_IW_GRDH_1SDV_20190117T154901_20190117T154926_014536_01B131_70CE.SAFE,Unverified,Imported from DARTIS_2019.tab; deduplicated by Sentinel ID
32.1439503500,31.2970481000,Non Oil spill,2019-01-18T03:50:40Z,DARTIS_2019,S1B_IW_GRDH_1SDV_20190118T035130_20190118T035155_014543_01B170_BFCE.SAFE,Unverified,Imported from DARTIS_2019.tab; deduplicated by Sentinel ID
33.5516295250,34.3175919500,Non Oil spill,2019-01-18T15:40:08Z,DARTIS_2019,S1A_IW_GRDH_1SDV_20190118T154058_20190118T154123_025534_02D4F3_3A0C.SAFE,Unverified,Imported from DARTIS_2019.tab; deduplicated by Sentinel ID
35.1653931500,34.3882521250,Non Oil spill,2019-01-18T15:40:08Z,DARTIS_2019,S1A_IW_GRDH_1SDV_20190118T154123_20190118T154148_025534_02D4F3_FFE7.SAFE,Unverified,Imported from DARTIS_2019.tab; deduplicated by Sentinel ID
33.9520822500,34.7126314250,Non Oil spill,2019-01-18T15:40:08Z,DARTIS_2019,S1A_IW_GRDH_1SDV_20190118T154123_20190118T154148_025534_02D4F3_FFE7.SAFE;S1A_IW_GRDH_1SDV_20190118T154058_20190118T154123_025534_02D4F3_3A0C.SAFE,Unverified,Imported from DARTIS_2019.tab; deduplicated by Sentinel ID
35.3533129500,35.3089708750,Non Oil spill,2019-01-19T03:42:58Z,DARTIS_2019,S1A_IW_GRDH_1SDV_20190119T034258_20190119T034323_025541_02D53C_2934.SAFE,Unverified,Imported from DARTIS_2019.tab; deduplicated by Sentinel ID
33.5774641500,29.4404976500,Non Oil spill,2019-02-02T16:04:49Z,DARTIS_2019,S1A_IW_GRDH_1SDV_20190202T160539_20190202T160604_025753_02DD0D_1EB4.SAFE,Unverified,Imported from DARTIS_2019.tab; deduplicated by Sentinel ID
35.4319099000,32.3834457750,Non Oil spill,2019-02-10T15:47:45Z,DARTIS_2019,S1B_IW_GRDH_1SDV_20190210T154900_20190210T154925_014886_01BC91_48D5.SAFE,Unverified,Imported from DARTIS_2019.tab; deduplicated by Sentinel ID
34.2347940500,31.5308480250,Non Oil spill,2019-02-17T03:51:16Z,DARTIS_2019,S1A_IW_GRDH_1SDV_20190217T035141_20190217T035206_025964_02E473_41AA.SAFE,Unverified,Imported from DARTIS_2019.tab; deduplicated by Sentinel ID
34.5290363500,33.7241778500,Non Oil spill,2019-02-17T15:39:42Z,DARTIS_2019,S1B_IW_GRDH_1SDV_20190217T154032_20190217T154057_014988_01BFFD_6BFC.SAFE,Unverified,Imported from DARTIS_2019.tab; deduplicated by Sentinel ID
34.9196905000,30.7981150500,Non Oil spill,2019-02-21T15:56:37Z,DARTIS_2019,S1A_IW_GRDH_1SDV_20190221T155752_20190221T155817_026030_02E6CF_6EBE.SAFE,Unverified,Imported from DARTIS_2019.tab; deduplicated by Sentinel ID
34.4876155250,31.4004890000,Non Oil spill,2019-02-22T03:59:26Z,DARTIS_2019,S1A_IW_GRDH_1SDV_20190222T035951_20190222T040016_026037_02E70F_6632.SAFE,Unverified,Imported from DARTIS_2019.tab; deduplicated by Sentinel ID
35.6366744250,31.7730981000,Non Oil spill,2019-02-22T03:59:26Z,DARTIS_2019,S1A_IW_GRDH_1SDV_20190222T035926_20190222T035951_026037_02E70F_1C4A.SAFE,Unverified,Imported from DARTIS_2019.tab; deduplicated by Sentinel ID
35.2395886250,31.8783003750,Non Oil spill,2019-02-23T03:50:40Z,DARTIS_2019,S1B_IW_GRDH_1SDV_20190223T035040_20190223T035105_015068_01C287_5EB6.SAFE,Unverified,Imported from DARTIS_2019.tab; deduplicated by Sentinel ID
34.2210187750,34.7628833000,Non Oil spill,2019-02-23T15:40:07Z,DARTIS_2019,S1A_IW_GRDH_1SDV_20190223T154122_20190223T154147_026059_02E7D6_5BFC.SAFE,Unverified,Imported from DARTIS_2019.tab; deduplicated by Sentinel ID
33.4087468750,30.8718261000,Non Oil spill,2019-03-06T03:59:26Z,DARTIS_2019,S1A_IW_GRDH_1SDV_20190306T035951_20190306T040016_026212_02ED51_0951.SAFE,Unverified,Imported from DARTIS_2019.tab; deduplicated by Sentinel ID
33.2913815250,29.7010356000,Non Oil spill,2019-03-06T03:59:26Z,DARTIS_2019,S1A_IW_GRDH_1SDV_20190306T040016_20190306T040041_026212_02ED51_9536.SAFE;S1A_IW_GRDH_1SDV_20190306T035951_20190306T040016_026212_02ED51_0951.SAFE,Unverified,Imported from DARTIS_2019.tab; deduplicated by Sentinel ID
35.7668305750,31.2625914750,Non Oil spill,2019-03-06T03:59:26Z,DARTIS_2019,S1A_IW_GRDH_1SDV_20190306T035926_20190306T035951_026212_02ED51_1D32.SAFE,Unverified,Imported from DARTIS_2019.tab; deduplicated by Sentinel ID
31.6763263500,31.0599501750,Non Oil spill,2019-04-11T03:59:27Z,DARTIS_2019,S1A_IW_GRDH_1SDV_20190411T040017_20190411T040042_026737_0300A0_6CE0.SAFE,Unverified,Imported from DARTIS_2019.tab; deduplicated by Sentinel ID
32.0128338500,29.7891621000,Non Oil spill,2019-04-29T03:58:51Z,DARTIS_2019,S1B_IW_GRDH_1SDV_20190429T035941_20190429T040006_016016_01E1C8_58C8.SAFE,Unverified,Imported from DARTIS_2019.tab; deduplicated by Sentinel ID
35.3057192500,30.9083435500,Non Oil spill,2019-05-11T03:58:51Z,DARTIS_2019,S1B_IW_GRDH_1SDV_20190511T035851_20190511T035916_016191_01E77E_ECCB.SAFE,Unverified,Imported from DARTIS_2019.tab; deduplicated by Sentinel ID
36.0269770750,31.1887646750,Non Oil spill,2019-05-11T15:48:37Z,DARTIS_2019,S1A_IW_GRDH_1SDV_20190511T154952_20190511T155017_027182_031070_90C8.SAFE,Unverified,Imported from DARTIS_2019.tab; deduplicated by Sentinel ID
34.1906747250,32.2235904000,Non Oil spill,2019-05-11T15:48:37Z,DARTIS_2019,S1A_IW_GRDH_1SDV_20190511T154927_20190511T154952_027182_031070_998B.SAFE,Unverified,Imported from DARTIS_2019.tab; deduplicated by Sentinel ID
35.9891895500,35.1960305000,Non Oil spill,2019-05-19T03:42:59Z,DARTIS_2019,S1A_IW_GRDH_1SDV_20190519T034259_20190519T034324_027291_0313E1_D2CA.SAFE,Unverified,Imported from DARTIS_2019.tab; deduplicated by Sentinel ID
35.3389087000,30.3277919500,Non Oil spill,2019-06-09T15:56:40Z,DARTIS_2019,S1A_IW_GRDH_1SDV_20190609T155755_20190609T155820_027605_031D91_0B06.SAFE,Unverified,Imported from DARTIS_2019.tab; deduplicated by Sentinel ID
34.3544892750,32.4779737500,Non Oil spill,2019-06-10T15:47:48Z,DARTIS_2019,S1B_IW_GRDH_1SDV_20190610T154903_20190610T154928_016636_01F4FD_9997.SAFE;S1B_IW_GRDH_1SDV_20190610T154838_20190610T154903_016636_01F4FD_6C1D.SAFE,Unverified,Imported from DARTIS_2019.tab; deduplicated by Sentinel ID
34.5207332500,29.5947918250,Non Oil spill,2019-06-15T15:56:44Z,DARTIS_2019,S1B_IW_GRDH_1SDV_20190615T155713_20190615T155738_016709_01F72A_DCE9.SAFE,Unverified,Imported from DARTIS_2019.tab; deduplicated by Sentinel ID
35.5187255250,33.0158197250,Non Oil spill,2019-07-29T03:50:46Z,DARTIS_2019,S1B_IW_GRDH_1SDV_20190729T035046_20190729T035111_017343_0209D6_0255.SAFE,Unverified,Imported from DARTIS_2019.tab; deduplicated by Sentinel ID
35.3737353500,35.5144280500,Non Oil spill,2019-07-30T03:43:03Z,DARTIS_2019,S1A_IW_GRDH_1SDV_20190730T034303_20190730T034328_028341_0333D2_2F03.SAFE,Unverified,Imported from DARTIS_2019.tab; deduplicated by Sentinel ID
35.8308342000,35.0925984000,Non Oil spill,2019-08-11T03:43:04Z,DARTIS_2019,S1A_IW_GRDH_1SDV_20190811T034304_20190811T034329_028516_03394F_1357.SAFE,Unverified,Imported from DARTIS_2019.tab; deduplicated by Sentinel ID
34.2206133750,34.8749635750,Non Oil spill,2019-08-22T15:40:15Z,DARTIS_2019,S1A_IW_GRDH_1SDV_20190822T154130_20190822T154155_028684_033F1B_7F0B.SAFE,Unverified,Imported from DARTIS_2019.tab; deduplicated by Sentinel ID
35.5037049000,30.8320810000,Non Oil spill,2019-09-02T03:59:35Z,DARTIS_2019,S1A_IW_GRDH_1SDV_20190902T035935_20190902T040000_028837_03447B_7C6D.SAFE,Unverified,Imported from DARTIS_2019.tab; deduplicated by Sentinel ID
35.6213771250,32.2564205250,Non Oil spill,2019-09-03T03:50:48Z,DARTIS_2019,S1B_IW_GRDH_1SDV_20190903T035048_20190903T035113_017868_021A04_F4FB.SAFE,Unverified,Imported from DARTIS_2019.tab; deduplicated by Sentinel ID
31.3330173750,33.6244138500,Non Oil spill,2019-09-10T03:42:26Z,DARTIS_2019,S1B_IW_GRDH_1SDV_20190910T034341_20190910T034406_017970_021D4F_51B0.SAFE,Unverified,Imported from DARTIS_2019.tab; deduplicated by Sentinel ID
36.0509404250,31.6745158500,Non Oil spill,2019-09-26T03:59:36Z,DARTIS_2019,S1A_IW_GRDH_1SDV_20190926T035936_20190926T040001_029187_035080_891A.SAFE,Unverified,Imported from DARTIS_2019.tab; deduplicated by Sentinel ID
34.5419178500,31.6767857000,Non Oil spill,2019-09-26T03:59:36Z,DARTIS_2019,S1A_IW_GRDH_1SDV_20190926T040001_20190926T040026_029187_035080_FDB2.SAFE;S1A_IW_GRDH_1SDV_20190926T035936_20190926T040001_029187_035080_891A.SAFE,Unverified,Imported from DARTIS_2019.tab; deduplicated by Sentinel ID
33.8445146750,31.7943686500,Non Oil spill,2019-09-26T15:47:55Z,DARTIS_2019,S1B_IW_GRDH_1SDV_20190926T154845_20190926T154910_018211_0224A2_64E7.SAFE,Unverified,Imported from DARTIS_2019.tab; deduplicated by Sentinel ID
35.0290212000,34.9752472000,Non Oil spill,2019-09-28T03:43:06Z,DARTIS_2019,S1A_IW_GRDH_1SDV_20190928T034306_20190928T034331_029216_035188_C68D.SAFE,Unverified,Imported from DARTIS_2019.tab; deduplicated by Sentinel ID
33.0275898500,28.0155849500,Non Oil spill,2019-09-30T16:04:58Z,DARTIS_2019,S1A_IW_GRDH_1SDV_20190930T160548_20190930T160613_029253_0352E1_E2DE.SAFE,Unverified,Imported from DARTIS_2019.tab; deduplicated by Sentinel ID
31.2221341250,29.5621521750,Non Oil spill,2019-10-02T03:58:59Z,DARTIS_2019,S1B_IW_GRDH_1SDV_20191002T040014_20191002T040038_018291_022738_7985.SAFE,Unverified,Imported from DARTIS_2019.tab; deduplicated by Sentinel ID
35.7315797500,31.4345824500,Non Oil spill,2019-10-02T03:58:59Z,DARTIS_2019,S1B_IW_GRDH_1SDV_20191002T035859_20191002T035924_018291_022738_414F.SAFE,Unverified,Imported from DARTIS_2019.tab; deduplicated by Sentinel ID
32.7508696250,31.1408452500,Non Oil spill,2019-10-03T03:51:26Z,DARTIS_2019,S1A_IW_GRDH_1SDV_20191003T035216_20191003T035241_029289_035408_850A.SAFE,Unverified,Imported from DARTIS_2019.tab; deduplicated by Sentinel ID
31.3227763500,32.8929861500,Non Oil spill,2019-10-03T03:51:26Z,DARTIS_2019,S1A_IW_GRDH_1SDV_20191003T035241_20191003T035307_029289_035408_5AB5.SAFE;S1A_IW_GRDH_1SDV_20191003T035216_20191003T035241_029289_035408_850A.SAFE,Unverified,Imported from DARTIS_2019.tab; deduplicated by Sentinel ID
32.8972210000,34.4942471000,Non Oil spill,2019-10-04T03:42:27Z,DARTIS_2019,S1B_IW_GRDH_1SDV_20191004T034317_20191004T034342_018320_02282B_4A6D.SAFE,Unverified,Imported from DARTIS_2019.tab; deduplicated by Sentinel ID
35.5200189500,35.1126970500,Non Oil spill,2019-10-04T03:42:27Z,DARTIS_2019,S1B_IW_GRDH_1SDV_20191004T034227_20191004T034252_018320_02282B_0F0F.SAFE,Unverified,Imported from DARTIS_2019.tab; deduplicated by Sentinel ID
33.4619983000,30.7445851750,Non Oil spill,2019-10-07T15:56:47Z,DARTIS_2019,S1A_IW_GRDH_1SDV_20191007T155737_20191007T155802_029355_035652_1009.SAFE,Unverified,Imported from DARTIS_2019.tab; deduplicated by Sentinel ID
33.9156880000,33.4499423500,Non Oil spill,2019-10-09T03:50:49Z,DARTIS_2019,S1B_IW_GRDH_1SDV_20191009T035114_20191009T035139_018393_022A5F_B79F.SAFE,Unverified,Imported from DARTIS_2019.tab; deduplicated by Sentinel ID
34.7915272500,31.8383612000,Non Oil spill,2019-10-27T03:51:26Z,DARTIS_2019,S1A_IW_GRDH_1SDV_20191027T035126_20191027T035151_029639_036018_5E0C.SAFE,Unverified,Imported from DARTIS_2019.tab; deduplicated by Sentinel ID
35.3860877500,35.6824588000,Non Oil spill,2019-10-29T03:34:58Z,DARTIS_2019,S1A_IW_GRDH_1SDV_20191029T033458_20191029T033523_029668_036124_BC57.SAFE,Unverified,Imported from DARTIS_2019.tab; deduplicated by Sentinel ID
33.8760295500,27.4739067250,Non Oil spill,2019-10-30T16:04:14Z,DARTIS_2019,S1B_IW_GRDH_1SDV_20191030T160529_20191030T160554_018707_023425_8B2A.SAFE,Unverified,Imported from DARTIS_2019.tab; deduplicated by Sentinel ID
34.9517854250,35.5163224500,Non Oil spill,2019-11-02T15:40:17Z,DARTIS_2019,S1A_IW_GRDH_1SDV_20191102T154132_20191102T154157_029734_036369_DF53.SAFE,Unverified,Imported from DARTIS_2019.tab; deduplicated by Sentinel ID
31.6820954000,34.1076489500,Non Oil spill,2019-11-02T15:40:17Z,DARTIS_2019,S1A_IW_GRDH_1SDV_20191102T154042_20191102T154107_029734_036369_8794.SAFE,Unverified,Imported from DARTIS_2019.tab; deduplicated by Sentinel ID
35.5264654000,33.2668128500,Non Oil spill,2019-11-19T15:48:45Z,DARTIS_2019,S1A_IW_GRDH_1SDV_20191119T155000_20191119T155025_029982_036C1D_0E50.SAFE,Unverified,Imported from DARTIS_2019.tab; deduplicated by Sentinel ID
35.7397316000,33.1458909750,Non Oil spill,2019-11-20T03:51:26Z,DARTIS_2019,S1A_IW_GRDH_1SDV_20191120T035126_20191120T035151_029989_036C5B_1AC3.SAFE,Unverified,Imported from DARTIS_2019.tab; deduplicated by Sentinel ID
34.6404047250,35.0139270250,Non Oil spill,2019-11-20T15:39:51Z,DARTIS_2019,S1B_IW_GRDH_1SDV_20191120T154041_20191120T154106_019013_023E0F_D976.SAFE,Unverified,Imported from DARTIS_2019.tab; deduplicated by Sentinel ID
35.9677140750,35.5177133500,Non Oil spill,2019-11-21T03:42:27Z,DARTIS_2019,S1B_IW_GRDH_1SDV_20191121T034227_20191121T034252_019020_023E45_EAB3.SAFE,Unverified,Imported from DARTIS_2019.tab; deduplicated by Sentinel ID
34.9059121750,29.5105015000,Non Oil spill,2019-11-23T16:04:14Z,DARTIS_2019,S1B_IW_GRDH_1SDV_20191123T160529_20191123T160554_019057_023F6D_872B.SAFE,Unverified,Imported from DARTIS_2019.tab; deduplicated by Sentinel ID
35.6266194750,34.8405432000,Non Oil spill,2019-12-03T03:42:26Z,DARTIS_2019,S1B_IW_GRDH_1SDV_20191203T034226_20191203T034251_019195_0243D6_C23B.SAFE,Unverified,Imported from DARTIS_2019.tab; deduplicated by Sentinel ID
35.7178984500,31.2567921500,Non Oil spill,2019-12-06T15:56:46Z,DARTIS_2019,S1A_IW_GRDH_1SDV_20191206T155801_20191206T155826_030230_0374B1_B398.SAFE,Unverified,Imported from DARTIS_2019.tab; deduplicated by Sentinel ID
35.9685012250,34.6198757250,Non Oil spill,2019-12-09T03:43:06Z,DARTIS_2019,S1A_IW_GRDH_1SDV_20191209T034306_20191209T034331_030266_0375E5_975E.SAFE,Unverified,Imported from DARTIS_2019.tab; deduplicated by Sentinel ID
34.8937906250,31.1430609750,Non Oil spill,2019-12-18T15:56:45Z,DARTIS_2019,S1A_IW_GRDH_1SDV_20191218T155800_20191218T155825_030405_037AC0_AAC3.SAFE,Unverified,Imported from DARTIS_2019.tab; deduplicated by Sentinel ID
35.9641157000,33.5470817000,Non Oil spill,2019-12-19T15:47:53Z,DARTIS_2019,S1B_IW_GRDH_1SDV_20191219T154908_20191219T154933_019436_024B6B_E2BB.SAFE,Unverified,Imported from DARTIS_2019.tab; deduplicated by Sentinel ID
34.4294543000,31.8082152250,Non Oil spill,2019-12-20T03:50:48Z,DARTIS_2019,S1B_IW_GRDH_1SDV_20191220T035048_20191220T035113_019443_024BA5_28B4.SAFE,Unverified,Imported from DARTIS_2019.tab; deduplicated by Sentinel ID
35.6765359750,33.8351881750,Non Oil spill,2019-12-21T03:43:05Z,DARTIS_2019,S1A_IW_GRDH_1SDV_20191221T034305_20191221T034330_030441_037BF3_7BCE.SAFE,Unverified,Imported from DARTIS_2019.tab; deduplicated by Sentinel ID
33.7741690000,34.4390480000,Non Oil spill,2019-01-01T03:42:35Z,DARTIS_2019,S1B_IW_GRDH_1SDV_20190101T034300_20190101T034325_014295_01A97E_39B8.SAFE;S1B_IW_GRDH_1SDV_20190101T034235_20190101T034300_014295_01A97E_458A.SAFE,Unverified,Imported from DARTIS_2019.tab; deduplicated by Sentinel ID
34.7203470500,29.5448600000,Non Oil spill,2019-01-04T15:56:38Z,DARTIS_2019,S1A_IW_GRDH_1SDV_20190104T155753_20190104T155818_025330_02CD9D_5240.SAFE,Unverified,Imported from DARTIS_2019.tab; deduplicated by Sentinel ID
36.2281089500,34.3816922500,Non Oil spill,2019-01-07T03:42:58Z,DARTIS_2019,S1A_IW_GRDH_1SDV_20190107T034258_20190107T034323_025366_02CEEB_0BC0.SAFE,Unverified,Imported from DARTIS_2019.tab; deduplicated by Sentinel ID
32.1602259000,31.0193704500,Non Oil spill,2019-01-12T03:51:17Z,DARTIS_2019,S1A_IW_GRDH_1SDV_20190112T035207_20190112T035232_025439_02D183_4040.SAFE,Unverified,Imported from DARTIS_2019.tab; deduplicated by Sentinel ID
33.3289090750,31.2488512750,Non Oil spill,2019-01-18T03:50:40Z,DARTIS_2019,S1B_IW_GRDH_1SDV_20190118T035105_20190118T035130_014543_01B170_C9E7.SAFE,Unverified,Imported from DARTIS_2019.tab; deduplicated by Sentinel ID
32.9324333000,29.6415919250,Non Oil spill,2019-01-21T16:04:49Z,DARTIS_2019,S1A_IW_GRDH_1SDV_20190121T160539_20190121T160604_025578_02D6AC_F0BF.SAFE,Unverified,Imported from DARTIS_2019.tab; deduplicated by Sentinel ID
34.9205107000,32.1298576500,Non Oil spill,2019-01-23T15:48:36Z,DARTIS_2019,S1A_IW_GRDH_1SDV_20190123T154951_20190123T155016_025607_02D7AD_28B7.SAFE,Unverified,Imported from DARTIS_2019.tab; deduplicated by Sentinel ID
34.7140842500,28.4620303500,Non Oil spill,2019-02-02T16:04:49Z,DARTIS_2019,S1A_IW_GRDH_1SDV_20190202T160604_20190202T160629_025753_02DD0D_834D.SAFE,Unverified,Imported from DARTIS_2019.tab; deduplicated by Sentinel ID
34.7991485500,29.1614132000,Non Oil spill,2019-02-08T16:04:05Z,DARTIS_2019,S1B_IW_GRDH_1SDV_20190208T160520_20190208T160545_014857_01BBA6_32E4.SAFE,Unverified,Imported from DARTIS_2019.tab; deduplicated by Sentinel ID
32.0436032500,34.5185253500,Non Oil spill,2019-02-17T15:39:42Z,DARTIS_2019,S1B_IW_GRDH_1SDV_20190217T154007_20190217T154032_014988_01BFFD_30F0.SAFE,Unverified,Imported from DARTIS_2019.tab; deduplicated by Sentinel ID
34.4515994250,29.0150418000,Non Oil spill,2019-02-20T16:04:04Z,DARTIS_2019,S1B_IW_GRDH_1SDV_20190220T160519_20190220T160544_015032_01C169_37F7.SAFE,Unverified,Imported from DARTIS_2019.tab; deduplicated by Sentinel ID
33.9706952000,31.4566647500,Non Oil spill,2019-02-21T15:56:37Z,DARTIS_2019,S1A_IW_GRDH_1SDV_20190221T155727_20190221T155752_026030_02E6CF_E2B0.SAFE,Unverified,Imported from DARTIS_2019.tab; deduplicated by Sentinel ID
34.3492077250,33.4343439000,Non Oil spill,2019-02-22T15:47:45Z,DARTIS_2019,S1B_IW_GRDH_1SDV_20190222T154835_20190222T154900_015061_01C24C_E464.SAFE,Unverified,Imported from DARTIS_2019.tab; deduplicated by Sentinel ID
34.0889941250,32.7730837500,Non Oil spill,2019-02-28T15:48:35Z,DARTIS_2019,S1A_IW_GRDH_1SDV_20190228T154925_20190228T154950_026132_02EA77_CDD9.SAFE,Unverified,Imported from DARTIS_2019.tab; deduplicated by Sentinel ID
31.3049619750,32.9901000000,Non Oil spill,2019-02-28T15:48:35Z,DARTIS_2019,S1A_IW_GRDH_1SDV_20190228T154835_20190228T154900_026132_02EA77_0A79.SAFE,Unverified,Imported from DARTIS_2019.tab; deduplicated by Sentinel ID
32.7130027250,29.7867477250,Non Oil spill,2019-03-06T03:59:26Z,DARTIS_2019,S1A_IW_GRDH_1SDV_20190306T040016_20190306T040041_026212_02ED51_9536.SAFE,Unverified,Imported from DARTIS_2019.tab; deduplicated by Sentinel ID
35.5969962500,33.6757202250,Non Oil spill,2019-03-08T03:42:57Z,DARTIS_2019,S1A_IW_GRDH_1SDV_20190308T034257_20190308T034322_026241_02EE61_4F36.SAFE,Unverified,Imported from DARTIS_2019.tab; deduplicated by Sentinel ID
35.1261345750,35.6532465250,Non Oil spill,2019-03-08T15:31:27Z,DARTIS_2019,S1B_IW_GRDH_1SDV_20190308T153242_20190308T153307_015265_01C8FF_79CB.SAFE,Unverified,Imported from DARTIS_2019.tab; deduplicated by Sentinel ID
34.2206039000,35.3610390750,Non Oil spill,2019-03-09T03:34:08Z,DARTIS_2019,S1B_IW_GRDH_1SDV_20190309T033433_20190309T033458_015272_01C939_A199.SAFE,Unverified,Imported from DARTIS_2019.tab; deduplicated by Sentinel ID
34.6335916500,34.8079314750,Non Oil spill,2019-03-19T15:40:07Z,DARTIS_2019,S1A_IW_GRDH_1SDV_20190319T154122_20190319T154147_026409_02F495_4D5C.SAFE,Unverified,Imported from DARTIS_2019.tab; deduplicated by Sentinel ID
35.7392683250,33.9871300500,Non Oil spill,2019-03-20T03:42:57Z,DARTIS_2019,S1A_IW_GRDH_1SDV_20190320T034257_20190320T034322_026416_02F4D4_2093.SAFE,Unverified,Imported from DARTIS_2019.tab; deduplicated by Sentinel ID
34.4140912500,31.7822856750,Non Oil spill,2019-03-23T15:56:40Z,DARTIS_2019,S1B_IW_GRDH_1SDV_20190323T155709_20190323T155734_015484_01D01A_C448.SAFE,Unverified,Imported from DARTIS_2019.tab; deduplicated by Sentinel ID
35.7584716250,30.8873159000,Non Oil spill,2019-03-24T03:58:50Z,DARTIS_2019,S1B_IW_GRDH_1SDV_20190324T035850_20190324T035915_015491_01D05D_576D.SAFE,Unverified,Imported from DARTIS_2019.tab; deduplicated by Sentinel ID
35.9038384750,32.9794329000,Non Oil spill,2019-03-24T15:48:36Z,DARTIS_2019,S1A_IW_GRDH_1SDV_20190324T154951_20190324T155016_026482_02F74C_6262.SAFE,Unverified,Imported from DARTIS_2019.tab; deduplicated by Sentinel ID
34.9985642000,31.8609942500,Non Oil spill,2019-03-25T03:51:17Z,DARTIS_2019,S1A_IW_GRDH_1SDV_20190325T035117_20190325T035142_026489_02F78B_9B72.SAFE,Unverified,Imported from DARTIS_2019.tab; deduplicated by Sentinel ID
33.0125220500,30.4208999750,Non Oil spill,2019-04-23T03:59:28Z,DARTIS_2019,S1A_IW_GRDH_1SDV_20190423T040018_20190423T040043_026912_0306F7_E21A.SAFE,Unverified,Imported from DARTIS_2019.tab; deduplicated by Sentinel ID
32.8786421500,29.4443632750,Non Oil spill,2019-04-27T16:04:50Z,DARTIS_2019,S1A_IW_GRDH_1SDV_20190427T160540_20190427T160605_026978_03096D_E604.SAFE,Unverified,Imported from DARTIS_2019.tab; deduplicated by Sentinel ID
35.7510232500,31.6772106000,Non Oil spill,2019-05-23T03:58:52Z,DARTIS_2019,S1B_IW_GRDH_1SDV_20190523T035852_20190523T035917_016366_01ECE8_CA6C.SAFE,Unverified,Imported from DARTIS_2019.tab; deduplicated by Sentinel ID
34.5131443250,33.7165448500,Non Oil spill,2019-06-11T03:50:43Z,DARTIS_2019,S1B_IW_GRDH_1SDV_20190611T035043_20190611T035108_016643_01F530_F253.SAFE,Unverified,Imported from DARTIS_2019.tab; deduplicated by Sentinel ID
34.3077130250,29.4631156500,Non Oil spill,2019-06-16T03:58:53Z,DARTIS_2019,S1B_IW_GRDH_1SDV_20190616T035918_20190616T035943_016716_01F766_2E45.SAFE,Unverified,Imported from DARTIS_2019.tab; deduplicated by Sentinel ID
35.6024810500,31.6189034000,Non Oil spill,2019-06-16T15:48:39Z,DARTIS_2019,S1A_IW_GRDH_1SDV_20190616T154954_20190616T155019_027707_0320A3_41EC.SAFE,Unverified,Imported from DARTIS_2019.tab; deduplicated by Sentinel ID
33.7914453250,33.1731153500,Non Oil spill,2019-06-17T03:51:20Z,DARTIS_2019,S1A_IW_GRDH_1SDV_20190617T035145_20190617T035210_027714_0320D5_4009.SAFE,Unverified,Imported from DARTIS_2019.tab; deduplicated by Sentinel ID
35.2479123000,31.6825891500,Non Oil spill,2019-06-28T03:58:54Z,DARTIS_2019,S1B_IW_GRDH_1SDV_20190628T035854_20190628T035919_016891_01FC8F_151B.SAFE,Unverified,Imported from DARTIS_2019.tab; deduplicated by Sentinel ID
35.3078507750,30.5585224000,Non Oil spill,2019-07-09T15:56:46Z,DARTIS_2019,S1B_IW_GRDH_1SDV_20190709T155715_20190709T155740_017059_020187_FF25.SAFE,Unverified,Imported from DARTIS_2019.tab; deduplicated by Sentinel ID
32.9864739000,34.7368139500,Non Oil spill,2019-07-24T03:42:23Z,DARTIS_2019,S1B_IW_GRDH_1SDV_20190724T034313_20190724T034338_017270_0207B2_7A9C.SAFE,Unverified,Imported from DARTIS_2019.tab; deduplicated by Sentinel ID
35.7648610500,32.0964074750,Non Oil spill,2019-08-10T03:50:47Z,DARTIS_2019,S1B_IW_GRDH_1SDV_20190810T035047_20190810T035112_017518_020F20_4C8A.SAFE,Unverified,Imported from DARTIS_2019.tab; deduplicated by Sentinel ID
31.2130823000,28.9334381000,Non Oil spill,2019-08-21T03:59:34Z,DARTIS_2019,S1A_IW_GRDH_1SDV_20190821T040049_20190821T040114_028662_033E63_B88E.SAFE,Unverified,Imported from DARTIS_2019.tab; deduplicated by Sentinel ID
31.9634040000,34.3086591000,Non Oil spill,2019-09-04T03:43:05Z,DARTIS_2019,S1A_IW_GRDH_1SDV_20190904T034355_20190904T034420_028866_034579_B50C.SAFE,Unverified,Imported from DARTIS_2019.tab; deduplicated by Sentinel ID
32.5954739250,30.3329539500,Non Oil spill,2019-09-20T03:58:59Z,DARTIS_2019,S1B_IW_GRDH_1SDV_20190920T035949_20190920T040014_018116_0221CA_4A44.SAFE,Unverified,Imported from DARTIS_2019.tab; deduplicated by Sentinel ID
35.3080858250,32.2540349500,Non Oil spill,2019-09-26T15:47:55Z,DARTIS_2019,S1B_IW_GRDH_1SDV_20190926T154910_20190926T154935_018211_0224A2_D216.SAFE,Unverified,Imported from DARTIS_2019.tab; deduplicated by Sentinel ID
31.4448182500,29.6664574500,Non Oil spill,2019-10-02T03:58:59Z,DARTIS_2019,S1B_IW_GRDH_1SDV_20191002T040014_20191002T040038_018291_022738_7985.SAFE;S1B_IW_GRDH_1SDV_20191002T035949_20191002T040014_018291_022738_5054.SAFE,Unverified,Imported from DARTIS_2019.tab; deduplicated by Sentinel ID
34.2633698000,31.3531077500,Non Oil spill,2019-10-02T03:58:59Z,DARTIS_2019,S1B_IW_GRDH_1SDV_20191002T035924_20191002T035949_018291_022738_4C40.SAFE;S1B_IW_GRDH_1SDV_20191002T035859_20191002T035924_018291_022738_414F.SAFE,Unverified,Imported from DARTIS_2019.tab; deduplicated by Sentinel ID
34.3121779250,31.1519028500,Non Oil spill,2019-10-08T03:59:36Z,DARTIS_2019,S1A_IW_GRDH_1SDV_20191008T040001_20191008T040026_029362_03568A_1887.SAFE,Unverified,Imported from DARTIS_2019.tab; deduplicated by Sentinel ID
33.6458617500,29.7924635000,Non Oil spill,2019-10-19T15:56:47Z,DARTIS_2019,S1A_IW_GRDH_1SDV_20191019T155737_20191019T155802_029530_035C5B_E72A.SAFE,Unverified,Imported from DARTIS_2019.tab; deduplicated by Sentinel ID
32.6274033500,29.9487152250,Non Oil spill,2019-10-30T16:04:14Z,DARTIS_2019,S1B_IW_GRDH_1SDV_20191030T160504_20191030T160529_018707_023425_5A68.SAFE,Unverified,Imported from DARTIS_2019.tab; deduplicated by Sentinel ID
35.7921850250,31.2889232250,Non Oil spill,2019-11-07T15:48:45Z,DARTIS_2019,S1A_IW_GRDH_1SDV_20191107T155000_20191107T155025_029807_03660E_E0E7.SAFE,Unverified,Imported from DARTIS_2019.tab; deduplicated by Sentinel ID
33.5794838750,33.8102016500,Non Oil spill,2019-11-19T15:48:45Z,DARTIS_2019,S1A_IW_GRDH_1SDV_20191119T154935_20191119T155000_029982_036C1D_FC3B.SAFE,Unverified,Imported from DARTIS_2019.tab; deduplicated by Sentinel ID
33.9221545000,31.4911661750,Non Oil spill,2019-11-20T03:51:26Z,DARTIS_2019,S1A_IW_GRDH_1SDV_20191120T035151_20191120T035216_029989_036C5B_72B9.SAFE,Unverified,Imported from DARTIS_2019.tab; deduplicated by Sentinel ID
33.3817798750,28.8993726000,Non Oil spill,2019-11-23T16:04:14Z,DARTIS_2019,S1B_IW_GRDH_1SDV_20191123T160504_20191123T160529_019057_023F6D_E19E.SAFE,Unverified,Imported from DARTIS_2019.tab; deduplicated by Sentinel ID
31.9645080000,30.9473232500,Non Oil spill,2019-12-02T03:51:25Z,DARTIS_2019,S1A_IW_GRDH_1SDV_20191202T035215_20191202T035240_030164_03726A_C5FF.SAFE,Unverified,Imported from DARTIS_2019.tab; deduplicated by Sentinel ID
35.6842271000,32.4154523250,Non Oil spill,2019-12-02T03:51:25Z,DARTIS_2019,S1A_IW_GRDH_1SDV_20191202T035125_20191202T035150_030164_03726A_F802.SAFE,Unverified,Imported from DARTIS_2019.tab; deduplicated by Sentinel ID
34.1848139000,29.4491594500,Non Oil spill,2019-12-05T16:04:13Z,DARTIS_2019,S1B_IW_GRDH_1SDV_20191205T160528_20191205T160553_019232_0244F5_30FC.SAFE,Unverified,Imported from DARTIS_2019.tab; deduplicated by Sentinel ID
32.6867994500,31.4331074000,Non Oil spill,2019-12-06T15:56:46Z,DARTIS_2019,S1A_IW_GRDH_1SDV_20191206T155736_20191206T155801_030230_0374B1_C453.SAFE;S1A_IW_GRDH_1SDV_20191206T155711_20191206T155736_030230_0374B1_03C9.SAFE,Unverified,Imported from DARTIS_2019.tab; deduplicated by Sentinel ID
32.7618323500,31.1390944500,Non Oil spill,2019-12-06T15:56:46Z,DARTIS_2019,S1A_IW_GRDH_1SDV_20191206T155736_20191206T155801_030230_0374B1_C453.SAFE,Unverified,Imported from DARTIS_2019.tab; deduplicated by Sentinel ID
34.4426547000,34.8532500250,Non Oil spill,2019-12-09T03:43:06Z,DARTIS_2019,S1A_IW_GRDH_1SDV_20191209T034331_20191209T034356_030266_0375E5_4006.SAFE,Unverified,Imported from DARTIS_2019.tab; deduplicated by Sentinel ID
33.4458668000,32.4059329000,Non Oil spill,2019-12-14T03:51:25Z,DARTIS_2019,S1A_IW_GRDH_1SDV_20191214T035150_20191214T035215_030339_037875_1D0E.SAFE,Unverified,Imported from DARTIS_2019.tab; deduplicated by Sentinel ID
34.4608275500,32.8767617750,Non Oil spill,2019-12-14T03:51:25Z,DARTIS_2019,S1A_IW_GRDH_1SDV_20191214T035150_20191214T035215_030339_037875_1D0E.SAFE;S1A_IW_GRDH_1SDV_20191214T035125_20191214T035150_030339_037875_3C8E.SAFE,Unverified,Imported from DARTIS_2019.tab; deduplicated by Sentinel ID
34.4357193750,34.2501527500,Non Oil spill,2019-12-15T03:42:26Z,DARTIS_2019,S1B_IW_GRDH_1SDV_20191215T034251_20191215T034316_019370_024965_FD00.SAFE,Unverified,Imported from DARTIS_2019.tab; deduplicated by Sentinel ID
34.4855065000,35.4862009500,Non Oil spill,2019-12-16T03:35:02Z,DARTIS_2019,S1A_IW_GRDH_1SDV_20191216T033502_20191216T033527_030368_037971_985D.SAFE,Unverified,Imported from DARTIS_2019.tab; deduplicated by Sentinel ID
35.0104226500,31.5483873500,Non Oil spill,2019-12-25T15:48:43Z,DARTIS_2019,S1A_IW_GRDH_1SDV_20191225T154958_20191225T155023_030507_037E47_A28A.SAFE,Unverified,Imported from DARTIS_2019.tab; deduplicated by Sentinel ID
35.7957765000,34.2778464500,Non Oil spill,2019-12-27T03:42:25Z,DARTIS_2019,S1B_IW_GRDH_1SDV_20191227T034225_20191227T034250_019545_024EF5_F00E.SAFE,Unverified,Imported from DARTIS_2019.tab; deduplicated by Sentinel ID
34.9042292750,29.5104283500,Non Oil spill,2019-12-29T16:04:12Z,DARTIS_2019,S1B_IW_GRDH_1SDV_20191229T160527_20191229T160552_019582_02501D_988D.SAFE,Unverified,Imported from DARTIS_2019.tab; deduplicated by Sentinel ID
31.9384333500,32.1559793750,Non Oil spill,2019-12-30T15:56:45Z,DARTIS_2019,S1A_IW_GRDH_1SDV_20191230T155710_20191230T155735_030580_0380C4_976A.SAFE,Unverified,Imported from DARTIS_2019.tab; deduplicated by Sentinel ID
36.0480647000,30.9010722500,Non Oil spill,2019-12-31T03:59:34Z,DARTIS_2019,S1A_IW_GRDH_1SDV_20191231T035934_20191231T035959_030587_038100_BDB9.SAFE,Unverified,Imported from DARTIS_2019.tab; deduplicated by Sentinel ID
33.3036499250,33.4272801250,Non Oil spill,2019-01-07T03:42:58Z,DARTIS_2019,S1A_IW_GRDH_1SDV_20190107T034348_20190107T034413_025366_02CEEB_2047.SAFE,Unverified,Imported from DARTIS_2019.tab; deduplicated by Sentinel ID
36.1091979500,35.7367959750,Non Oil spill,2019-01-20T03:34:09Z,DARTIS_2019,S1B_IW_GRDH_1SDV_20190120T033409_20190120T033434_014572_01B258_3D3D.SAFE,Unverified,Imported from DARTIS_2019.tab; deduplicated by Sentinel ID
34.4924583750,31.2544807750,Non Oil spill,2019-01-23T03:58:50Z,DARTIS_2019,S1B_IW_GRDH_1SDV_20190123T035850_20190123T035915_014616_01B3CB_4179.SAFE,Unverified,Imported from DARTIS_2019.tab; deduplicated by Sentinel ID
36.1272767500,30.3016809500,Non Oil spill,2019-02-10T03:59:26Z,DARTIS_2019,S1A_IW_GRDH_1SDV_20190210T035926_20190210T035951_025862_02E0DD_F8D7.SAFE,Unverified,Imported from DARTIS_2019.tab; deduplicated by Sentinel ID
33.4501044500,35.1640217000,Non Oil spill,2019-02-13T03:34:08Z,DARTIS_2019,S1B_IW_GRDH_1SDV_20190213T033433_20190213T033458_014922_01BDB4_07BD.SAFE,Unverified,Imported from DARTIS_2019.tab; deduplicated by Sentinel ID
35.7699679500,29.6750100500,Non Oil spill,2019-02-16T03:58:50Z,DARTIS_2019,S1B_IW_GRDH_1SDV_20190216T035850_20190216T035915_014966_01BF36_326E.SAFE,Unverified,Imported from DARTIS_2019.tab; deduplicated by Sentinel ID
34.4997782500,32.8534665750,Non Oil spill,2019-02-22T15:47:45Z,DARTIS_2019,S1B_IW_GRDH_1SDV_20190222T154900_20190222T154925_015061_01C24C_2830.SAFE,Unverified,Imported from DARTIS_2019.tab; deduplicated by Sentinel ID
34.9881788250,35.8083036250,Non Oil spill,2019-02-25T03:34:08Z,DARTIS_2019,S1B_IW_GRDH_1SDV_20190225T033408_20190225T033433_015097_01C374_8457.SAFE,Unverified,Imported from DARTIS_2019.tab; deduplicated by Sentinel ID
33.5918146250,33.4770994250,Non Oil spill,2019-03-02T03:42:34Z,DARTIS_2019,S1B_IW_GRDH_1SDV_20190302T034259_20190302T034324_015170_01C5ED_B305.SAFE,Unverified,Imported from DARTIS_2019.tab; deduplicated by Sentinel ID
35.3265092000,32.4594601000,Non Oil spill,2019-03-12T15:48:35Z,DARTIS_2019,S1A_IW_GRDH_1SDV_20190312T154950_20190312T155015_026307_02F0D5_0885.SAFE,Unverified,Imported from DARTIS_2019.tab; deduplicated by Sentinel ID
33.7761673750,32.9922575500,Non Oil spill,2019-03-12T15:48:35Z,DARTIS_2019,S1A_IW_GRDH_1SDV_20190312T154925_20190312T154950_026307_02F0D5_08E2.SAFE,Unverified,Imported from DARTIS_2019.tab; deduplicated by Sentinel ID
34.1472436250,33.1469884250,Non Oil spill,2019-03-19T03:50:39Z,DARTIS_2019,S1B_IW_GRDH_1SDV_20190319T035104_20190319T035129_015418_01CDFB_86C8.SAFE;S1B_IW_GRDH_1SDV_20190319T035039_20190319T035104_015418_01CDFB_172B.SAFE,Unverified,Imported from DARTIS_2019.tab; deduplicated by Sentinel ID
34.3511840000,33.7591927500,Non Oil spill,2019-03-31T15:40:07Z,DARTIS_2019,S1A_IW_GRDH_1SDV_20190331T154122_20190331T154147_026584_02FB04_E6E8.SAFE,Unverified,Imported from DARTIS_2019.tab; deduplicated by Sentinel ID
31.9571003000,34.5735316000,Non Oil spill,2019-04-12T15:40:08Z,DARTIS_2019,S1A_IW_GRDH_1SDV_20190412T154033_20190412T154057_026759_03016C_4B54.SAFE,Unverified,Imported from DARTIS_2019.tab; deduplicated by Sentinel ID
36.0276485500,35.7249292500,Non Oil spill,2019-04-13T03:42:57Z,DARTIS_2019,S1A_IW_GRDH_1SDV_20190413T034257_20190413T034322_026766_0301B4_A807.SAFE,Unverified,Imported from DARTIS_2019.tab; deduplicated by Sentinel ID
34.9041747750,33.7600885500,Non Oil spill,2019-04-13T03:42:57Z,DARTIS_2019,S1A_IW_GRDH_1SDV_20190413T034322_20190413T034347_026766_0301B4_A868.SAFE,Unverified,Imported from DARTIS_2019.tab; deduplicated by Sentinel ID
31.8710501000,34.1956496750,Non Oil spill,2019-04-24T15:40:08Z,DARTIS_2019,S1A_IW_GRDH_1SDV_20190424T154033_20190424T154058_026934_0307C2_2896.SAFE,Unverified,Imported from DARTIS_2019.tab; deduplicated by Sentinel ID
35.8098492000,35.5296468500,Non Oil spill,2019-04-25T03:42:58Z,DARTIS_2019,S1A_IW_GRDH_1SDV_20190425T034258_20190425T034323_026941_030806_D45F.SAFE,Unverified,Imported from DARTIS_2019.tab; deduplicated by Sentinel ID
35.1117384750,32.1682924250,Non Oil spill,2019-04-29T15:48:37Z,DARTIS_2019,S1A_IW_GRDH_1SDV_20190429T154952_20190429T155017_027007_030A73_3AD5.SAFE,Unverified,Imported from DARTIS_2019.tab; deduplicated by Sentinel ID
34.0550130250,31.2939592500,Non Oil spill,2019-04-30T03:51:18Z,DARTIS_2019,S1A_IW_GRDH_1SDV_20190430T035143_20190430T035208_027014_030AB6_4943.SAFE,Unverified,Imported from DARTIS_2019.tab; deduplicated by Sentinel ID
32.0425214000,34.3081129000,Non Oil spill,2019-04-30T15:39:43Z,DARTIS_2019,S1B_IW_GRDH_1SDV_20190430T154008_20190430T154033_016038_01E28F_DDE9.SAFE,Unverified,Imported from DARTIS_2019.tab; deduplicated by Sentinel ID
33.1886496000,29.9338390000,Non Oil spill,2019-05-04T15:56:39Z,DARTIS_2019,S1A_IW_GRDH_1SDV_20190504T155729_20190504T155754_027080_030D1A_9163.SAFE,Unverified,Imported from DARTIS_2019.tab; deduplicated by Sentinel ID
36.0840049000,32.0357976500,Non Oil spill,2019-05-12T03:51:18Z,DARTIS_2019,S1A_IW_GRDH_1SDV_20190512T035118_20190512T035143_027189_0310AB_EEF7.SAFE,Unverified,Imported from DARTIS_2019.tab; deduplicated by Sentinel ID
35.8296520500,35.5572995500,Non Oil spill,2019-05-13T03:42:19Z,DARTIS_2019,S1B_IW_GRDH_1SDV_20190513T034219_20190513T034244_016220_01E86A_DAE3.SAFE,Unverified,Imported from DARTIS_2019.tab; deduplicated by Sentinel ID
34.5488032500,28.8317821250,Non Oil spill,2019-05-15T16:04:06Z,DARTIS_2019,S1B_IW_GRDH_1SDV_20190515T160521_20190515T160546_016257_01E988_5FD0.SAFE,Unverified,Imported from DARTIS_2019.tab; deduplicated by Sentinel ID
34.5713407000,31.4114449000,Non Oil spill,2019-05-16T15:56:39Z,DARTIS_2019,S1A_IW_GRDH_1SDV_20190516T155754_20190516T155819_027255_0312B7_CA7C.SAFE,Unverified,Imported from DARTIS_2019.tab; deduplicated by Sentinel ID
32.8517064250,33.8283641750,Non Oil spill,2019-05-18T15:40:09Z,DARTIS_2019,S1A_IW_GRDH_1SDV_20190518T154059_20190518T154124_027284_03139E_2F70.SAFE,Unverified,Imported from DARTIS_2019.tab; deduplicated by Sentinel ID
33.2493443500,31.8676551250,Non Oil spill,2019-05-23T15:48:38Z,DARTIS_2019,S1A_IW_GRDH_1SDV_20190523T154928_20190523T154953_027357_0315EA_D01B.SAFE;S1A_IW_GRDH_1SDV_20190523T154903_20190523T154928_027357_0315EA_95BE.SAFE,Unverified,Imported from DARTIS_2019.tab; deduplicated by Sentinel ID
31.9573236000,34.3724900500,Non Oil spill,2019-05-24T15:39:44Z,DARTIS_2019,S1B_IW_GRDH_1SDV_20190524T154009_20190524T154034_016388_01ED9E_4277.SAFE,Unverified,Imported from DARTIS_2019.tab; deduplicated by Sentinel ID
35.2209526000,35.7245380000,Non Oil spill,2019-05-31T03:43:00Z,DARTIS_2019,S1A_IW_GRDH_1SDV_20190531T034300_20190531T034325_027466_031954_5014.SAFE,Unverified,Imported from DARTIS_2019.tab; deduplicated by Sentinel ID
34.6695670000,35.8159962500,Non Oil spill,2019-06-06T03:42:21Z,DARTIS_2019,S1B_IW_GRDH_1SDV_20190606T034221_20190606T034246_016570_01F315_3379.SAFE,Unverified,Imported from DARTIS_2019.tab; deduplicated by Sentinel ID
33.2432186000,33.1656442500,Non Oil spill,2019-06-11T03:50:43Z,DARTIS_2019,S1B_IW_GRDH_1SDV_20190611T035108_20190611T035133_016643_01F530_8AD0.SAFE,Unverified,Imported from DARTIS_2019.tab; deduplicated by Sentinel ID
35.9385151000,32.9828289250,Non Oil spill,2019-06-17T03:51:20Z,DARTIS_2019,S1A_IW_GRDH_1SDV_20190617T035120_20190617T035145_027714_0320D5_DE52.SAFE,Unverified,Imported from DARTIS_2019.tab; deduplicated by Sentinel ID
35.7535891250,30.4327078000,Non Oil spill,2019-06-22T03:59:30Z,DARTIS_2019,S1A_IW_GRDH_1SDV_20190622T035930_20190622T035955_027787_0322FB_55D3.SAFE,Unverified,Imported from DARTIS_2019.tab; deduplicated by Sentinel ID
36.2658019000,35.2490320500,Non Oil spill,2019-06-24T03:43:01Z,DARTIS_2019,S1A_IW_GRDH_1SDV_20190624T034301_20190624T034326_027816_0323DB_4474.SAFE,Unverified,Imported from DARTIS_2019.tab; deduplicated by Sentinel ID
33.6401266000,35.3119773250,Non Oil spill,2019-06-24T03:43:01Z,DARTIS_2019,S1A_IW_GRDH_1SDV_20190624T034326_20190624T034351_027816_0323DB_A72A.SAFE,Unverified,Imported from DARTIS_2019.tab; deduplicated by Sentinel ID
35.6038189250,31.8984136750,Non Oil spill,2019-07-10T03:58:55Z,DARTIS_2019,S1B_IW_GRDH_1SDV_20190710T035855_20190710T035920_017066_0201C0_74E8.SAFE,Unverified,Imported from DARTIS_2019.tab; deduplicated by Sentinel ID
34.8176725750,33.7770585500,Non Oil spill,2019-07-17T03:50:45Z,DARTIS_2019,S1B_IW_GRDH_1SDV_20190717T035045_20190717T035110_017168_0204B7_F192.SAFE,Unverified,Imported from DARTIS_2019.tab; deduplicated by Sentinel ID
34.6518558750,32.3395758000,Non Oil spill,2019-07-23T03:51:22Z,DARTIS_2019,S1A_IW_GRDH_1SDV_20190723T035122_20190723T035147_028239_0330A7_4635.SAFE,Unverified,Imported from DARTIS_2019.tab; deduplicated by Sentinel ID
34.4550805750,32.8552526000,Non Oil spill,2019-07-23T03:51:22Z,DARTIS_2019,S1A_IW_GRDH_1SDV_20190723T035147_20190723T035212_028239_0330A7_B840.SAFE;S1A_IW_GRDH_1SDV_20190723T035122_20190723T035147_028239_0330A7_4635.SAFE,Unverified,Imported from DARTIS_2019.tab; deduplicated by Sentinel ID
31.5872783750,29.7139468500,Non Oil spill,2019-08-15T03:58:57Z,DARTIS_2019,S1B_IW_GRDH_1SDV_20190815T035947_20190815T040012_017591_021171_8782.SAFE,Unverified,Imported from DARTIS_2019.tab; deduplicated by Sentinel ID
36.0928136000,30.5988786000,Non Oil spill,2019-08-21T03:59:34Z,DARTIS_2019,S1A_IW_GRDH_1SDV_20190821T035934_20190821T035959_028662_033E63_CBB0.SAFE,Unverified,Imported from DARTIS_2019.tab; deduplicated by Sentinel ID
34.9410308500,35.7607387750,Non Oil spill,2019-08-24T03:34:16Z,DARTIS_2019,S1B_IW_GRDH_1SDV_20190824T033416_20190824T033441_017722_021577_195C.SAFE,Unverified,Imported from DARTIS_2019.tab; deduplicated by Sentinel ID
34.6588375250,32.3889504500,Non Oil spill,2019-08-28T03:51:24Z,DARTIS_2019,S1A_IW_GRDH_1SDV_20190828T035124_20190828T035149_028764_0341F0_DBEB.SAFE,Unverified,Imported from DARTIS_2019.tab; deduplicated by Sentinel ID
34.2866052000,33.5322064500,Non Oil spill,2019-08-28T03:51:24Z,DARTIS_2019,S1A_IW_GRDH_1SDV_20190828T035149_20190828T035214_028764_0341F0_3C12.SAFE,Unverified,Imported from DARTIS_2019.tab; deduplicated by Sentinel ID
34.5553888250,32.6156460000,Non Oil spill,2019-09-09T03:51:25Z,DARTIS_2019,S1A_IW_GRDH_1SDV_20190909T035150_20190909T035215_028939_034806_D86D.SAFE;S1A_IW_GRDH_1SDV_20190909T035125_20190909T035150_028939_034806_F874.SAFE,Unverified,Imported from DARTIS_2019.tab; deduplicated by Sentinel ID
36.0076852750,29.9709104750,Non Oil spill,2019-09-20T03:58:59Z,DARTIS_2019,S1B_IW_GRDH_1SDV_20190920T035859_20190920T035924_018116_0221CA_C24B.SAFE,Unverified,Imported from DARTIS_2019.tab; deduplicated by Sentinel ID
34.4670343250,31.3808181250,Non Oil spill,2019-09-26T03:59:36Z,DARTIS_2019,S1A_IW_GRDH_1SDV_20190926T040001_20190926T040026_029187_035080_FDB2.SAFE,Unverified,Imported from DARTIS_2019.tab; deduplicated by Sentinel ID
35.0033284500,30.8870950750,Non Oil spill,2019-10-08T03:59:36Z,DARTIS_2019,S1A_IW_GRDH_1SDV_20191008T035936_20191008T040001_029362_03568A_4BC2.SAFE,Unverified,Imported from DARTIS_2019.tab; deduplicated by Sentinel ID
34.9607999750,31.8072129500,Non Oil spill,2019-10-14T15:48:45Z,DARTIS_2019,S1A_IW_GRDH_1SDV_20191014T155000_20191014T155025_029457_0359DE_FB77.SAFE,Unverified,Imported from DARTIS_2019.tab; deduplicated by Sentinel ID
32.3545509250,32.3589784500,Non Oil spill,2019-10-14T15:48:45Z,DARTIS_2019,S1A_IW_GRDH_1SDV_20191014T154910_20191014T154935_029457_0359DE_77C2.SAFE,Unverified,Imported from DARTIS_2019.tab; deduplicated by Sentinel ID
34.1380414750,33.2398747000,Non Oil spill,2019-10-28T03:42:27Z,DARTIS_2019,S1B_IW_GRDH_1SDV_20191028T034252_20191028T034317_018670_0232F7_237B.SAFE,Unverified,Imported from DARTIS_2019.tab; deduplicated by Sentinel ID
35.9037193250,32.4408875500,Non Oil spill,2019-11-08T03:51:26Z,DARTIS_2019,S1A_IW_GRDH_1SDV_20191108T035126_20191108T035151_029814_03664C_FCC5.SAFE,Unverified,Imported from DARTIS_2019.tab; deduplicated by Sentinel ID
35.5166630000,33.6806787500,Non Oil spill,2019-11-09T03:42:27Z,DARTIS_2019,S1B_IW_GRDH_1SDV_20191109T034227_20191109T034252_018845_0238A3_55F3.SAFE,Unverified,Imported from DARTIS_2019.tab; deduplicated by Sentinel ID
36.1639279500,35.7834011500,Non Oil spill,2019-12-09T15:31:36Z,DARTIS_2019,S1B_IW_GRDH_1SDV_20191209T153251_20191209T153316_019290_0246C0_63C5.SAFE,Unverified,Imported from DARTIS_2019.tab; deduplicated by Sentinel ID
33.9889881750,27.4607721750,Non Oil spill,2019-12-11T16:04:57Z,DARTIS_2019,S1A_IW_GRDH_1SDV_20191211T160612_20191211T160637_030303_037740_984C.SAFE,Unverified,Imported from DARTIS_2019.tab; deduplicated by Sentinel ID
35.1934523000,31.5495888000,Non Oil spill,2019-12-13T03:58:58Z,DARTIS_2019,S1B_IW_GRDH_1SDV_20191213T035858_20191213T035923_019341_024871_4AD6.SAFE,Unverified,Imported from DARTIS_2019.tab; deduplicated by Sentinel ID
34.5835285500,33.2001038000,Non Oil spill,2019-12-14T03:51:25Z,DARTIS_2019,S1A_IW_GRDH_1SDV_20191214T035125_20191214T035150_030339_037875_3C8E.SAFE,Unverified,Imported from DARTIS_2019.tab; deduplicated by Sentinel ID
35.7846733000,35.7568219500,Non Oil spill,2019-12-21T15:31:35Z,DARTIS_2019,S1B_IW_GRDH_1SDV_20191221T153250_20191221T153315_019465_024C52_8DD0.SAFE,Unverified,Imported from DARTIS_2019.tab; deduplicated by Sentinel ID
33.3550092250,33.1340308500,Non Oil spill,2019-12-25T15:48:43Z,DARTIS_2019,S1A_IW_GRDH_1SDV_20191225T154933_20191225T154958_030507_037E47_2787.SAFE;S1A_IW_GRDH_1SDV_20191225T154908_20191225T154933_030507_037E47_44CB.SAFE,Unverified,Imported from DARTIS_2019.tab; deduplicated by Sentinel ID
33.9249484500,35.3749079000,Non Oil spill,2019-12-27T03:42:25Z,DARTIS_2019,S1B_IW_GRDH_1SDV_20191227T034250_20191227T034315_019545_024EF5_7B19.SAFE,Unverified,Imported from DARTIS_2019.tab; deduplicated by Sentinel ID
32.1737801000,33.1365265000,Non Oil spill,2019-12-31T15:47:53Z,DARTIS_2019,S1B_IW_GRDH_1SDV_20191231T154818_20191231T154843_019611_025103_9D8D.SAFE,Unverified,Imported from DARTIS_2019.tab; deduplicated by Sentinel ID
35.5174942750,31.8881212500,Non Oil spill,2019-01-05T03:59:28Z,DARTIS_2019,S1A_IW_GRDH_1SDV_20190105T035928_20190105T035953_025337_02CDDA_E728.SAFE,Unverified,Imported from DARTIS_2019.tab; deduplicated by Sentinel ID
34.2723207250,29.1426478000,Non Oil spill,2019-01-27T16:04:05Z,DARTIS_2019,S1B_IW_GRDH_1SDV_20190127T160520_20190127T160545_014682_01B5E9_2D4B.SAFE,Unverified,Imported from DARTIS_2019.tab; deduplicated by Sentinel ID
35.5041955000,35.0516317750,Non Oil spill,2019-01-30T15:40:07Z,DARTIS_2019,S1A_IW_GRDH_1SDV_20190130T154122_20190130T154147_025709_02DB59_6E7F.SAFE,Unverified,Imported from DARTIS_2019.tab; deduplicated by Sentinel ID
36.1840491500,35.6609494000,Non Oil spill,2019-01-31T03:42:57Z,DARTIS_2019,S1A_IW_GRDH_1SDV_20190131T034257_20190131T034322_025716_02DBA1_AA0C.SAFE,Unverified,Imported from DARTIS_2019.tab; deduplicated by Sentinel ID
31.9306415000,30.6721458500,Non Oil spill,2019-02-16T03:58:50Z,DARTIS_2019,S1B_IW_GRDH_1SDV_20190216T035940_20190216T040005_014966_01BF36_8C52.SAFE,Unverified,Imported from DARTIS_2019.tab; deduplicated by Sentinel ID
31.4037071000,28.6999338750,Non Oil spill,2019-02-16T03:58:50Z,DARTIS_2019,S1B_IW_GRDH_1SDV_20190216T040005_20190216T040029_014966_01BF36_0C59.SAFE,Unverified,Imported from DARTIS_2019.tab; deduplicated by Sentinel ID
35.9775059000,33.2278513500,Non Oil spill,2019-02-16T15:48:35Z,DARTIS_2019,S1A_IW_GRDH_1SDV_20190216T154950_20190216T155015_025957_02E43B_182C.SAFE,Unverified,Imported from DARTIS_2019.tab; deduplicated by Sentinel ID
33.0451086000,31.9277335000,Non Oil spill,2019-02-23T03:50:40Z,DARTIS_2019,S1B_IW_GRDH_1SDV_20190223T035105_20190223T035130_015068_01C287_AE93.SAFE,Unverified,Imported from DARTIS_2019.tab; deduplicated by Sentinel ID
34.0690446000,35.4480736000,Non Oil spill,2019-03-08T03:42:57Z,DARTIS_2019,S1A_IW_GRDH_1SDV_20190308T034322_20190308T034347_026241_02EE61_CABA.SAFE,Unverified,Imported from DARTIS_2019.tab; deduplicated by Sentinel ID
35.2500664000,35.6410759000,Non Oil spill,2019-03-09T03:34:08Z,DARTIS_2019,S1B_IW_GRDH_1SDV_20190309T033408_20190309T033433_015272_01C939_E524.SAFE,Unverified,Imported from DARTIS_2019.tab; deduplicated by Sentinel ID
35.2573433500,27.2008092250,Non Oil spill,2019-03-10T16:04:48Z,DARTIS_2019,S1A_IW_GRDH_1SDV_20190310T160603_20190310T160628_026278_02EFD1_3D52.SAFE,Unverified,Imported from DARTIS_2019.tab; deduplicated by Sentinel ID
34.4134467000,35.6719462250,Non Oil spill,2019-03-21T03:34:08Z,DARTIS_2019,S1B_IW_GRDH_1SDV_20190321T033433_20190321T033458_015447_01CEE6_D58A.SAFE,Unverified,Imported from DARTIS_2019.tab; deduplicated by Sentinel ID
32.0882951500,33.5227156000,Non Oil spill,2019-03-30T15:47:45Z,DARTIS_2019,S1B_IW_GRDH_1SDV_20190330T154810_20190330T154835_015586_01D376_907A.SAFE,Unverified,Imported from DARTIS_2019.tab; deduplicated by Sentinel ID
32.0172291000,34.5053862500,Non Oil spill,2019-04-13T03:42:57Z,DARTIS_2019,S1A_IW_GRDH_1SDV_20190413T034347_20190413T034412_026766_0301B4_092E.SAFE,Unverified,Imported from DARTIS_2019.tab; deduplicated by Sentinel ID
34.6972661750,34.5156284250,Non Oil spill,2019-05-01T03:42:19Z,DARTIS_2019,S1B_IW_GRDH_1SDV_20190501T034244_20190501T034309_016045_01E2CB_793F.SAFE;S1B_IW_GRDH_1SDV_20190501T034219_20190501T034244_016045_01E2CB_DAFE.SAFE,Unverified,Imported from DARTIS_2019.tab; deduplicated by Sentinel ID
35.5993372750,31.0893626250,Non Oil spill,2019-05-22T15:56:43Z,DARTIS_2019,S1B_IW_GRDH_1SDV_20190522T155712_20190522T155737_016359_01ECA7_BEBC.SAFE,Unverified,Imported from DARTIS_2019.tab; deduplicated by Sentinel ID
35.2509977250,35.1928467000,Non Oil spill,2019-05-25T03:42:20Z,DARTIS_2019,S1B_IW_GRDH_1SDV_20190525T034220_20190525T034245_016395_01EDD2_8B9B.SAFE,Unverified,Imported from DARTIS_2019.tab; deduplicated by Sentinel ID
34.9300463250,27.4619739750,Non Oil spill,2019-05-27T16:04:07Z,DARTIS_2019,S1B_IW_GRDH_1SDV_20190527T160522_20190527T160547_016432_01EEE6_9F08.SAFE,Unverified,Imported from DARTIS_2019.tab; deduplicated by Sentinel ID
31.7491480250,29.7053107500,Non Oil spill,2019-05-29T03:59:29Z,DARTIS_2019,S1A_IW_GRDH_1SDV_20190529T040044_20190529T040109_027437_031860_7B6B.SAFE;S1A_IW_GRDH_1SDV_20190529T040019_20190529T040044_027437_031860_421A.SAFE,Unverified,Imported from DARTIS_2019.tab; deduplicated by Sentinel ID
34.5332500500,33.6293934250,Non Oil spill,2019-05-29T15:47:48Z,DARTIS_2019,S1B_IW_GRDH_1SDV_20190529T154903_20190529T154928_016461_01EFC4_CD23.SAFE;S1B_IW_GRDH_1SDV_20190529T154838_20190529T154903_016461_01EFC4_8B41.SAFE,Unverified,Imported from DARTIS_2019.tab; deduplicated by Sentinel ID
34.3794816500,35.0793805000,Non Oil spill,2019-05-30T15:40:10Z,DARTIS_2019,S1A_IW_GRDH_1SDV_20190530T154125_20190530T154150_027459_031913_1260.SAFE,Unverified,Imported from DARTIS_2019.tab; deduplicated by Sentinel ID
34.5197223000,32.8306949500,Non Oil spill,2019-06-23T03:50:44Z,DARTIS_2019,S1B_IW_GRDH_1SDV_20190623T035044_20190623T035109_016818_01FA62_8090.SAFE,Unverified,Imported from DARTIS_2019.tab; deduplicated by Sentinel ID
35.5137814500,35.6089672000,Non Oil spill,2019-06-25T03:34:12Z,DARTIS_2019,S1B_IW_GRDH_1SDV_20190625T033412_20190625T033437_016847_01FB31_D537.SAFE,Unverified,Imported from DARTIS_2019.tab; deduplicated by Sentinel ID
34.7027937500,33.7111983250,Non Oil spill,2019-07-05T03:50:45Z,DARTIS_2019,S1B_IW_GRDH_1SDV_20190705T035045_20190705T035110_016993_01FF91_8B48.SAFE,Unverified,Imported from DARTIS_2019.tab; deduplicated by Sentinel ID
36.0378407000,30.1702491750,Non Oil spill,2019-07-16T03:59:32Z,DARTIS_2019,S1A_IW_GRDH_1SDV_20190716T035932_20190716T035957_028137_032D90_6BA9.SAFE,Unverified,Imported from DARTIS_2019.tab; deduplicated by Sentinel ID
35.2680201500,35.7754855750,Non Oil spill,2019-07-25T03:35:00Z,DARTIS_2019,S1A_IW_GRDH_1SDV_20190725T033500_20190725T033525_028268_03317E_1B90.SAFE,Unverified,Imported from DARTIS_2019.tab; deduplicated by Sentinel ID
35.9422549000,31.3329759500,Non Oil spill,2019-07-28T03:59:33Z,DARTIS_2019,S1A_IW_GRDH_1SDV_20190728T035933_20190728T035958_028312_0332E7_D8BB.SAFE,Unverified,Imported from DARTIS_2019.tab; deduplicated by Sentinel ID
35.8847202500,29.9957887000,Non Oil spill,2019-08-03T03:58:56Z,DARTIS_2019,S1B_IW_GRDH_1SDV_20190803T035856_20190803T035921_017416_020C16_EF88.SAFE,Unverified,Imported from DARTIS_2019.tab; deduplicated by Sentinel ID
36.1466069000,34.1056045750,Non Oil spill,2019-08-05T03:42:24Z,DARTIS_2019,S1B_IW_GRDH_1SDV_20190805T034224_20190805T034249_017445_020CF7_1135.SAFE,Unverified,Imported from DARTIS_2019.tab; deduplicated by Sentinel ID
31.7486395500,34.2635101250,Non Oil spill,2019-08-17T03:42:25Z,DARTIS_2019,S1B_IW_GRDH_1SDV_20190817T034315_20190817T034340_017620_021260_CC88.SAFE,Unverified,Imported from DARTIS_2019.tab; deduplicated by Sentinel ID
35.6548962750,29.9384873000,Non Oil spill,2019-08-27T03:58:58Z,DARTIS_2019,S1B_IW_GRDH_1SDV_20190827T035858_20190827T035923_017766_0216ED_C8C4.SAFE,Unverified,Imported from DARTIS_2019.tab; deduplicated by Sentinel ID
35.5379367750,30.0641476000,Non Oil spill,2019-09-13T15:56:46Z,DARTIS_2019,S1A_IW_GRDH_1SDV_20190913T155801_20190913T155826_029005_034A50_C207.SAFE,Unverified,Imported from DARTIS_2019.tab; deduplicated by Sentinel ID
35.4724470000,31.6642866250,Non Oil spill,2019-09-15T03:50:49Z,DARTIS_2019,S1B_IW_GRDH_1SDV_20190915T035049_20190915T035114_018043_021F77_F12E.SAFE,Unverified,Imported from DARTIS_2019.tab; deduplicated by Sentinel ID
35.0255993000,28.0372228500,Non Oil spill,2019-09-30T16:04:58Z,DARTIS_2019,S1A_IW_GRDH_1SDV_20190930T160613_20190930T160638_029253_0352E1_768B.SAFE,Unverified,Imported from DARTIS_2019.tab; deduplicated by Sentinel ID
35.7983871500,29.7773223500,Non Oil spill,2019-10-14T03:58:59Z,DARTIS_2019,S1B_IW_GRDH_1SDV_20191014T035859_20191014T035924_018466_022CAA_0B81.SAFE,Unverified,Imported from DARTIS_2019.tab; deduplicated by Sentinel ID
34.6734950250,31.4821997500,Non Oil spill,2019-10-14T15:48:45Z,DARTIS_2019,S1A_IW_GRDH_1SDV_20191014T155000_20191014T155025_029457_0359DE_FB77.SAFE;S1A_IW_GRDH_1SDV_20191014T154935_20191014T155000_029457_0359DE_42F0.SAFE,Unverified,Imported from DARTIS_2019.tab; deduplicated by Sentinel ID
35.9486164000,33.6575935250,Non Oil spill,2019-10-16T03:42:27Z,DARTIS_2019,S1B_IW_GRDH_1SDV_20191016T034227_20191016T034252_018495_022D96_DFD2.SAFE,Unverified,Imported from DARTIS_2019.tab; deduplicated by Sentinel ID
35.3990966500,35.7996338000,Non Oil spill,2019-10-17T03:35:03Z,DARTIS_2019,S1A_IW_GRDH_1SDV_20191017T033503_20191017T033528_029493_035B12_9595.SAFE,Unverified,Imported from DARTIS_2019.tab; deduplicated by Sentinel ID
36.0399426500,29.5593625500,Non Oil spill,2019-11-07T03:58:59Z,DARTIS_2019,S1B_IW_GRDH_1SDV_20191107T035859_20191107T035924_018816_0237A1_83D2.SAFE,Unverified,Imported from DARTIS_2019.tab; deduplicated by Sentinel ID
34.3197137500,35.5384511000,Non Oil spill,2019-11-14T15:40:17Z,DARTIS_2019,S1A_IW_GRDH_1SDV_20191114T154132_20191114T154157_029909_03698D_5D14.SAFE,Unverified,Imported from DARTIS_2019.tab; deduplicated by Sentinel ID
34.4834236000,32.9218527500,Non Oil spill,2019-11-20T03:51:26Z,DARTIS_2019,S1A_IW_GRDH_1SDV_20191120T035151_20191120T035216_029989_036C5B_72B9.SAFE;S1A_IW_GRDH_1SDV_20191120T035126_20191120T035151_029989_036C5B_1AC3.SAFE,Unverified,Imported from DARTIS_2019.tab; deduplicated by Sentinel ID
36.0670391500,32.2505327250,Non Oil spill,2019-12-01T15:48:44Z,DARTIS_2019,S1A_IW_GRDH_1SDV_20191201T154959_20191201T155024_030157_03722E_5285.SAFE,Unverified,Imported from DARTIS_2019.tab; deduplicated by Sentinel ID
33.9957559500,35.5334106000,Non Oil spill,2019-12-04T03:35:02Z,DARTIS_2019,S1A_IW_GRDH_1SDV_20191204T033527_20191204T033552_030193_037365_FE53.SAFE,Unverified,Imported from DARTIS_2019.tab; deduplicated by Sentinel ID
35.6017440750,33.6177681000,Non Oil spill,2019-12-13T15:48:44Z,DARTIS_2019,S1A_IW_GRDH_1SDV_20191213T154959_20191213T155024_030332_03783C_0DB6.SAFE,Unverified,Imported from DARTIS_2019.tab; deduplicated by Sentinel ID
36.0580318000,35.6082272500,Non Oil spill,2019-12-15T03:42:26Z,DARTIS_2019,S1B_IW_GRDH_1SDV_20191215T034226_20191215T034251_019370_024965_0DDE.SAFE,Unverified,Imported from DARTIS_2019.tab; deduplicated by Sentinel ID
35.9822853250,30.1404583000,Non Oil spill,2019-12-25T03:58:58Z,DARTIS_2019,S1B_IW_GRDH_1SDV_20191225T035858_20191225T035923_019516_024E03_DEFF.SAFE,Unverified,Imported from DARTIS_2019.tab; deduplicated by Sentinel ID
31.9586781250,29.8167906500,Non Oil spill,2019-12-25T03:58:58Z,DARTIS_2019,S1B_IW_GRDH_1SDV_20191225T035948_20191225T040013_019516_024E03_FD65.SAFE,Unverified,Imported from DARTIS_2019.tab; deduplicated by Sentinel ID
33.8883518500,33.0207521500,Non Oil spill,2019-12-25T15:48:43Z,DARTIS_2019,S1A_IW_GRDH_1SDV_20191225T154933_20191225T154958_030507_037E47_2787.SAFE,Unverified,Imported from DARTIS_2019.tab; deduplicated by Sentinel ID
32.1822869500,34.2166978500,Non Oil spill,2019-12-25T15:48:43Z,DARTIS_2019,S1A_IW_GRDH_1SDV_20191225T154908_20191225T154933_030507_037E47_44CB.SAFE,Unverified,Imported from DARTIS_2019.tab; deduplicated by Sentinel ID
35.7175848000,32.8862614500,Non Oil spill,2019-12-26T03:51:24Z,DARTIS_2019,S1A_IW_GRDH_1SDV_20191226T035124_20191226T035149_030514_037E7E_0626.SAFE,Unverified,Imported from DARTIS_2019.tab; deduplicated by Sentinel ID
31.3877837500,32.3493731500,Non Oil spill,2019-12-26T03:51:24Z,DARTIS_2019,S1A_IW_GRDH_1SDV_20191226T035239_20191226T035306_030514_037E7E_1518.SAFE;S1A_IW_GRDH_1SDV_20191226T035214_20191226T035239_030514_037E7E_8DF3.SAFE,Unverified,Imported from DARTIS_2019.tab; deduplicated by Sentinel ID
34.7577735500,34.4516123000,Non Oil spill,2019-12-26T15:39:50Z,DARTIS_2019,S1B_IW_GRDH_1SDV_20191226T154040_20191226T154105_019538_024EBC_8CA8.SAFE,Unverified,Imported from DARTIS_2019.tab; deduplicated by Sentinel ID
31.6256565500,30.7382170250,Non Oil spill,2019-02-22T03:59:26Z,DARTIS_2019,S1A_IW_GRDH_1SDV_20190222T040041_20190222T040106_026037_02E70F_5AD5.SAFE;S1A_IW_GRDH_1SDV_20190222T040016_20190222T040041_026037_02E70F_FF4E.SAFE,Unverified,Imported from DARTIS_2019.tab; deduplicated by Sentinel ID
35.4100123500,32.2096676500,Non Oil spill,2019-04-06T03:51:17Z,DARTIS_2019,S1A_IW_GRDH_1SDV_20190406T035117_20190406T035142_026664_02FE02_C5A5.SAFE,Unverified,Imported from DARTIS_2019.tab; deduplicated by Sentinel ID
34.5101145500,32.1976959250,Non Oil spill,2019-04-06T03:51:17Z,DARTIS_2019,S1A_IW_GRDH_1SDV_20190406T035142_20190406T035207_026664_02FE02_BB0A.SAFE;S1A_IW_GRDH_1SDV_20190406T035117_20190406T035142_026664_02FE02_C5A5.SAFE,Unverified,Imported from DARTIS_2019.tab; deduplicated by Sentinel ID
35.2095449500,27.3086199000,Non Oil spill,2019-04-27T16:04:50Z,DARTIS_2019,S1A_IW_GRDH_1SDV_20190427T160605_20190427T160630_026978_03096D_3B92.SAFE,Unverified,Imported from DARTIS_2019.tab; deduplicated by Sentinel ID
35.7906015250,33.9850475500,Non Oil spill,2019-04-30T03:51:18Z,DARTIS_2019,S1A_IW_GRDH_1SDV_20190430T035118_20190430T035143_027014_030AB6_614C.SAFE,Unverified,Imported from DARTIS_2019.tab; deduplicated by Sentinel ID
33.1130981000,27.8054857000,Non Oil spill,2019-05-27T16:04:07Z,DARTIS_2019,S1B_IW_GRDH_1SDV_20190527T160457_20190527T160522_016432_01EEE6_4F2E.SAFE,Unverified,Imported from DARTIS_2019.tab; deduplicated by Sentinel ID
35.2900598250,31.3032774500,Non Oil spill,2019-06-16T03:58:53Z,DARTIS_2019,S1B_IW_GRDH_1SDV_20190616T035853_20190616T035918_016716_01F766_7932.SAFE,Unverified,Imported from DARTIS_2019.tab; deduplicated by Sentinel ID
35.3892478500,28.1673087500,Non Oil spill,2019-06-26T16:04:52Z,DARTIS_2019,S1A_IW_GRDH_1SDV_20190626T160607_20190626T160632_027853_032501_C521.SAFE,Unverified,Imported from DARTIS_2019.tab; deduplicated by Sentinel ID
35.9965791500,31.0706784500,Non Oil spill,2019-07-10T15:48:40Z,DARTIS_2019,S1A_IW_GRDH_1SDV_20190710T154955_20190710T155020_028057_032B2E_84B8.SAFE,Unverified,Imported from DARTIS_2019.tab; deduplicated by Sentinel ID
34.0376168000,27.5261038000,Non Oil spill,2019-08-01T16:04:55Z,DARTIS_2019,S1A_IW_GRDH_1SDV_20190801T160610_20190801T160635_028378_0334F0_3274.SAFE,Unverified,Imported from DARTIS_2019.tab; deduplicated by Sentinel ID
36.0486332500,34.8589695250,Non Oil spill,2019-08-23T03:43:05Z,DARTIS_2019,S1A_IW_GRDH_1SDV_20190823T034305_20190823T034330_028691_033F57_8F26.SAFE,Unverified,Imported from DARTIS_2019.tab; deduplicated by Sentinel ID
34.7215208000,33.6261474000,Non Oil spill,2019-09-09T03:51:25Z,DARTIS_2019,S1A_IW_GRDH_1SDV_20190909T035125_20190909T035150_028939_034806_F874.SAFE,Unverified,Imported from DARTIS_2019.tab; deduplicated by Sentinel ID
34.3636884750,30.4322921000,Non Oil spill,2019-10-01T15:56:50Z,DARTIS_2019,S1B_IW_GRDH_1SDV_20191001T155719_20191001T155744_018284_0226F3_023E.SAFE,Unverified,Imported from DARTIS_2019.tab; deduplicated by Sentinel ID
33.0023180750,29.2879378500,Non Oil spill,2019-10-02T03:58:59Z,DARTIS_2019,S1B_IW_GRDH_1SDV_20191002T035949_20191002T040014_018291_022738_5054.SAFE;S1B_IW_GRDH_1SDV_20191002T035924_20191002T035949_018291_022738_4C40.SAFE,Unverified,Imported from DARTIS_2019.tab; deduplicated by Sentinel ID
34.2894894250,30.6079421500,Non Oil spill,2019-10-13T15:56:50Z,DARTIS_2019,S1B_IW_GRDH_1SDV_20191013T155719_20191013T155744_018459_022C6B_D17C.SAFE,Unverified,Imported from DARTIS_2019.tab; deduplicated by Sentinel ID
34.5098901000,32.4381751500,Non Oil spill,2019-10-14T15:48:45Z,DARTIS_2019,S1A_IW_GRDH_1SDV_20191014T154935_20191014T155000_029457_0359DE_42F0.SAFE,Unverified,Imported from DARTIS_2019.tab; deduplicated by Sentinel ID
35.4771438000,33.3497540750,Non Oil spill,2019-10-26T15:48:45Z,DARTIS_2019,S1A_IW_GRDH_1SDV_20191026T155000_20191026T155025_029632_035FDD_D78E.SAFE,Unverified,Imported from DARTIS_2019.tab; deduplicated by Sentinel ID
32.8794402750,30.6146284250,Non Oil spill,2019-12-18T15:56:45Z,DARTIS_2019,S1A_IW_GRDH_1SDV_20191218T155735_20191218T155800_030405_037AC0_7BA1.SAFE,Unverified,Imported from DARTIS_2019.tab; deduplicated by Sentinel ID
32.2914904250,33.9259453250,Non Oil spill,2019-12-20T15:40:15Z,DARTIS_2019,S1A_IW_GRDH_1SDV_20191220T154105_20191220T154130_030434_037BB3_C3D6.SAFE;S1A_IW_GRDH_1SDV_20191220T154040_20191220T154105_030434_037BB3_A7C8.SAFE,Unverified,Imported from DARTIS_2019.tab; deduplicated by Sentinel ID
34.8818504500,35.6637850500,Non Oil spill,2019-12-22T03:34:16Z,DARTIS_2019,S1B_IW_GRDH_1SDV_20191222T033416_20191222T033441_019472_024C83_6FC8.SAFE,Unverified,Imported from DARTIS_2019.tab; deduplicated by Sentinel ID
31.6229603000,30.7554894500,Non Oil spill,2019-01-05T03:59:28Z,DARTIS_2019,S1A_IW_GRDH_1SDV_20190105T040043_20190105T040108_025337_02CDDA_FAEC.SAFE;S1A_IW_GRDH_1SDV_20190105T040018_20190105T040043_025337_02CDDA_D60A.SAFE,Unverified,Imported from DARTIS_2019.tab; deduplicated by Sentinel ID
31.6308175250,34.3037635750,Non Oil spill,2019-01-12T15:39:43Z,DARTIS_2019,S1B_IW_GRDH_1SDV_20190112T153943_20190112T154008_014463_01AEE6_1C23.SAFE,Unverified,Imported from DARTIS_2019.tab; deduplicated by Sentinel ID
32.7609172000,29.3369164500,Non Oil spill,2019-01-15T16:04:05Z,DARTIS_2019,S1B_IW_GRDH_1SDV_20190115T160455_20190115T160520_014507_01B052_D146.SAFE,Unverified,Imported from DARTIS_2019.tab; deduplicated by Sentinel ID
35.1374054000,28.4401439000,Non Oil spill,2019-01-21T16:04:49Z,DARTIS_2019,S1A_IW_GRDH_1SDV_20190121T160604_20190121T160629_025578_02D6AC_EE9B.SAFE,Unverified,Imported from DARTIS_2019.tab; deduplicated by Sentinel ID
36.0580826500,30.0393803750,Non Oil spill,2019-01-29T03:59:27Z,DARTIS_2019,S1A_IW_GRDH_1SDV_20190129T035927_20190129T035952_025687_02DA92_5E2B.SAFE,Unverified,Imported from DARTIS_2019.tab; deduplicated by Sentinel ID
33.9965754750,35.4323297250,Non Oil spill,2019-01-30T15:40:07Z,DARTIS_2019,S1A_IW_GRDH_1SDV_20190130T154057_20190130T154122_025709_02DB59_C98B.SAFE,Unverified,Imported from DARTIS_2019.tab; deduplicated by Sentinel ID
31.6463628750,34.1731642500,Non Oil spill,2019-02-04T15:48:35Z,DARTIS_2019,S1A_IW_GRDH_1SDV_20190204T154835_20190204T154900_025782_02DE08_1DD3.SAFE,Unverified,Imported from DARTIS_2019.tab; deduplicated by Sentinel ID
35.9864202500,31.8928006250,Non Oil spill,2019-02-05T03:51:16Z,DARTIS_2019,S1A_IW_GRDH_1SDV_20190205T035116_20190205T035141_025789_02DE41_13F2.SAFE,Unverified,Imported from DARTIS_2019.tab; deduplicated by Sentinel ID
34.4985353000,35.5795875000,Non Oil spill,2019-02-07T03:34:54Z,DARTIS_2019,S1A_IW_GRDH_1SDV_20190207T033454_20190207T033519_025818_02DF3B_8839.SAFE,Unverified,Imported from DARTIS_2019.tab; deduplicated by Sentinel ID
34.4583830750,35.6264591500,Non Oil spill,2019-03-26T03:42:34Z,DARTIS_2019,S1B_IW_GRDH_1SDV_20190326T034234_20190326T034259_015520_01D15F_A245.SAFE,Unverified,Imported from DARTIS_2019.tab; deduplicated by Sentinel ID
35.9963801500,33.7622681500,Non Oil spill,2019-04-01T03:42:57Z,DARTIS_2019,S1A_IW_GRDH_1SDV_20190401T034257_20190401T034322_026591_02FB4C_C4E9.SAFE,Unverified,Imported from DARTIS_2019.tab; deduplicated by Sentinel ID
34.1143415500,29.1418157500,Non Oil spill,2019-04-05T03:58:50Z,DARTIS_2019,S1B_IW_GRDH_1SDV_20190405T035915_20190405T035940_015666_01D628_E73F.SAFE,Unverified,Imported from DARTIS_2019.tab; deduplicated by Sentinel ID
33.9547233000,35.3065041500,Non Oil spill,2019-04-08T03:34:54Z,DARTIS_2019,S1A_IW_GRDH_1SDV_20190408T033519_20190408T033544_026693_02FF08_6E0B.SAFE,Unverified,Imported from DARTIS_2019.tab; deduplicated by Sentinel ID
34.0869739250,35.4123802000,Non Oil spill,2019-04-12T15:40:08Z,DARTIS_2019,S1A_IW_GRDH_1SDV_20190412T154123_20190412T154148_026759_03016C_2C5E.SAFE;S1A_IW_GRDH_1SDV_20190412T154058_20190412T154123_026759_03016C_594E.SAFE,Unverified,Imported from DARTIS_2019.tab; deduplicated by Sentinel ID
31.0679107500,29.4956749000,Non Oil spill,2019-04-23T03:59:28Z,DARTIS_2019,S1A_IW_GRDH_1SDV_20190423T040043_20190423T040108_026912_0306F7_63E0.SAFE,Unverified,Imported from DARTIS_2019.tab; deduplicated by Sentinel ID
35.4798231250,31.1777341500,Non Oil spill,2019-04-23T15:47:46Z,DARTIS_2019,S1B_IW_GRDH_1SDV_20190423T154901_20190423T154926_015936_01DF14_58C2.SAFE,Unverified,Imported from DARTIS_2019.tab; deduplicated by Sentinel ID
31.7435082000,29.9456009750,Non Oil spill,2019-05-17T03:59:29Z,DARTIS_2019,S1A_IW_GRDH_1SDV_20190517T040044_20190517T040109_027262_0312E9_A2BD.SAFE;S1A_IW_GRDH_1SDV_20190517T040019_20190517T040044_027262_0312E9_FF6E.SAFE,Unverified,Imported from DARTIS_2019.tab; deduplicated by Sentinel ID
35.7739639750,32.1896140000,Non Oil spill,2019-05-24T03:51:19Z,DARTIS_2019,S1A_IW_GRDH_1SDV_20190524T035119_20190524T035144_027364_031625_69C6.SAFE,Unverified,Imported from DARTIS_2019.tab; deduplicated by Sentinel ID
36.0281884500,30.1679351500,Non Oil spill,2019-05-29T03:59:29Z,DARTIS_2019,S1A_IW_GRDH_1SDV_20190529T035929_20190529T035954_027437_031860_5BEE.SAFE,Unverified,Imported from DARTIS_2019.tab; deduplicated by Sentinel ID
31.8286011250,34.4733172500,Non Oil spill,2019-06-05T15:39:45Z,DARTIS_2019,S1B_IW_GRDH_1SDV_20190605T154010_20190605T154035_016563_01F2E3_F808.SAFE;S1B_IW_GRDH_1SDV_20190605T153945_20190605T154010_016563_01F2E3_D332.SAFE,Unverified,Imported from DARTIS_2019.tab; deduplicated by Sentinel ID
35.2463303000,34.4809213500,Non Oil spill,2019-06-12T03:43:00Z,DARTIS_2019,S1A_IW_GRDH_1SDV_20190612T034300_20190612T034325_027641_031EA9_7D1B.SAFE,Unverified,Imported from DARTIS_2019.tab; deduplicated by Sentinel ID
33.9800708000,34.7349246000,Non Oil spill,2019-06-23T15:40:11Z,DARTIS_2019,S1A_IW_GRDH_1SDV_20190623T154126_20190623T154151_027809_0323A6_DF6C.SAFE;S1A_IW_GRDH_1SDV_20190623T154101_20190623T154126_027809_0323A6_698E.SAFE,Unverified,Imported from DARTIS_2019.tab; deduplicated by Sentinel ID
34.5981810000,35.6704985000,Non Oil spill,2019-07-07T03:34:13Z,DARTIS_2019,S1B_IW_GRDH_1SDV_20190707T033438_20190707T033503_017022_02005E_E3D4.SAFE;S1B_IW_GRDH_1SDV_20190707T033413_20190707T033438_017022_02005E_80F1.SAFE,Unverified,Imported from DARTIS_2019.tab; deduplicated by Sentinel ID
35.2814943250,35.7874790500,Non Oil spill,2019-07-13T03:34:59Z,DARTIS_2019,S1A_IW_GRDH_1SDV_20190713T033459_20190713T033524_028093_032C37_1DCD.SAFE,Unverified,Imported from DARTIS_2019.tab; deduplicated by Sentinel ID
35.1706810000,34.1314257500,Non Oil spill,2019-07-18T03:43:03Z,DARTIS_2019,S1A_IW_GRDH_1SDV_20190718T034303_20190718T034328_028166_032E76_1ACD.SAFE,Unverified,Imported from DARTIS_2019.tab; deduplicated by Sentinel ID
35.3179758000,35.7818015250,Non Oil spill,2019-07-19T03:34:13Z,DARTIS_2019,S1B_IW_GRDH_1SDV_20190719T033413_20190719T033438_017197_020579_3A54.SAFE,Unverified,Imported from DARTIS_2019.tab; deduplicated by Sentinel ID
33.7941647250,35.2370015000,Non Oil spill,2019-07-19T03:34:13Z,DARTIS_2019,S1B_IW_GRDH_1SDV_20190719T033438_20190719T033503_017197_020579_4F1B.SAFE,Unverified,Imported from DARTIS_2019.tab; deduplicated by Sentinel ID
31.1387836500,29.5548149000,Non Oil spill,2019-08-01T16:04:55Z,DARTIS_2019,S1A_IW_GRDH_1SDV_20190801T160520_20190801T160545_028378_0334F0_B580.SAFE,Unverified,Imported from DARTIS_2019.tab; deduplicated by Sentinel ID
34.5313424500,30.0916313750,Non Oil spill,2019-08-03T03:58:56Z,DARTIS_2019,S1B_IW_GRDH_1SDV_20190803T035921_20190803T035946_017416_020C16_3D40.SAFE;S1B_IW_GRDH_1SDV_20190803T035856_20190803T035921_017416_020C16_EF88.SAFE,Unverified,Imported from DARTIS_2019.tab; deduplicated by Sentinel ID
31.2723674250,28.6381191000,Non Oil spill,2019-08-15T03:58:57Z,DARTIS_2019,S1B_IW_GRDH_1SDV_20190815T040012_20190815T040036_017591_021171_D62F.SAFE,Unverified,Imported from DARTIS_2019.tab; deduplicated by Sentinel ID
34.1279895000,35.3439811500,Non Oil spill,2019-08-30T03:35:02Z,DARTIS_2019,S1A_IW_GRDH_1SDV_20190830T033527_20190830T033552_028793_0342F2_73EE.SAFE,Unverified,Imported from DARTIS_2019.tab; deduplicated by Sentinel ID
35.6531044750,35.5888614250,Non Oil spill,2019-09-04T03:43:05Z,DARTIS_2019,S1A_IW_GRDH_1SDV_20190904T034305_20190904T034330_028866_034579_1C4E.SAFE,Unverified,Imported from DARTIS_2019.tab; deduplicated by Sentinel ID
35.6524402000,35.5984704500,Non Oil spill,2019-09-11T03:35:02Z,DARTIS_2019,S1A_IW_GRDH_1SDV_20190911T033502_20190911T033527_028968_034906_67B4.SAFE,Unverified,Imported from DARTIS_2019.tab; deduplicated by Sentinel ID
35.6250439000,35.6576784500,Non Oil spill,2019-09-28T15:31:37Z,DARTIS_2019,S1B_IW_GRDH_1SDV_20190928T153252_20190928T153317_018240_022588_44A9.SAFE,Unverified,Imported from DARTIS_2019.tab; deduplicated by Sentinel ID
31.1174702500,29.0507042750,Non Oil spill,2019-10-06T16:04:14Z,DARTIS_2019,S1B_IW_GRDH_1SDV_20191006T160439_20191006T160504_018357_02294F_B5A9.SAFE,Unverified,Imported from DARTIS_2019.tab; deduplicated by Sentinel ID
33.5450056750,35.0641819750,Non Oil spill,2019-10-16T03:42:27Z,DARTIS_2019,S1B_IW_GRDH_1SDV_20191016T034252_20191016T034317_018495_022D96_AE2A.SAFE,Unverified,Imported from DARTIS_2019.tab; deduplicated by Sentinel ID
32.8406631250,34.8521044750,Non Oil spill,2019-10-21T15:40:16Z,DARTIS_2019,S1A_IW_GRDH_1SDV_20191021T154106_20191021T154131_029559_035D56_48DB.SAFE,Unverified,Imported from DARTIS_2019.tab; deduplicated by Sentinel ID
34.3781641000,32.9137611000,Non Oil spill,2019-10-27T03:51:26Z,DARTIS_2019,S1A_IW_GRDH_1SDV_20191027T035151_20191027T035216_029639_036018_ED9F.SAFE,Unverified,Imported from DARTIS_2019.tab; deduplicated by Sentinel ID
33.8495318000,35.2940121500,Non Oil spill,2019-10-29T03:34:58Z,DARTIS_2019,S1A_IW_GRDH_1SDV_20191029T033523_20191029T033548_029668_036124_3258.SAFE,Unverified,Imported from DARTIS_2019.tab; deduplicated by Sentinel ID
35.9827604750,35.5473363000,Non Oil spill,2019-11-03T03:43:07Z,DARTIS_2019,S1A_IW_GRDH_1SDV_20191103T034307_20191103T034332_029741_0363B0_31DA.SAFE,Unverified,Imported from DARTIS_2019.tab; deduplicated by Sentinel ID
34.6641769750,35.8202887000,Non Oil spill,2019-11-03T03:43:07Z,DARTIS_2019,S1A_IW_GRDH_1SDV_20191103T034332_20191103T034357_029741_0363B0_BB8A.SAFE;S1A_IW_GRDH_1SDV_20191103T034307_20191103T034332_029741_0363B0_31DA.SAFE,Unverified,Imported from DARTIS_2019.tab; deduplicated by Sentinel ID
34.1570597500,35.3471110000,Non Oil spill,2019-11-04T03:34:17Z,DARTIS_2019,S1B_IW_GRDH_1SDV_20191104T033442_20191104T033507_018772_02361B_B144.SAFE,Unverified,Imported from DARTIS_2019.tab; deduplicated by Sentinel ID
34.2607552750,35.3956289000,Non Oil spill,2019-11-16T03:34:17Z,DARTIS_2019,S1B_IW_GRDH_1SDV_20191116T033442_20191116T033507_018947_023BCF_7A99.SAFE,Unverified,Imported from DARTIS_2019.tab; deduplicated by Sentinel ID
35.5006159750,35.6950213250,Non Oil spill,2019-11-16T03:34:17Z,DARTIS_2019,S1B_IW_GRDH_1SDV_20191116T033417_20191116T033442_018947_023BCF_D85D.SAFE,Unverified,Imported from DARTIS_2019.tab; deduplicated by Sentinel ID
35.1669470500,35.6882282750,Non Oil spill,2019-11-21T15:32:29Z,DARTIS_2019,S1A_IW_GRDH_1SDV_20191121T153319_20191121T153344_030011_036D0E_A76F.SAFE,Unverified,Imported from DARTIS_2019.tab; deduplicated by Sentinel ID
35.8487506750,35.6808120500,Non Oil spill,2019-11-28T03:34:17Z,DARTIS_2019,S1B_IW_GRDH_1SDV_20191128T033417_20191128T033442_019122_024166_7868.SAFE,Unverified,Imported from DARTIS_2019.tab; deduplicated by Sentinel ID
34.5392826000,32.4553002000,Non Oil spill,2019-12-02T03:51:25Z,DARTIS_2019,S1A_IW_GRDH_1SDV_20191202T035150_20191202T035215_030164_03726A_5983.SAFE;S1A_IW_GRDH_1SDV_20191202T035125_20191202T035150_030164_03726A_F802.SAFE,Unverified,Imported from DARTIS_2019.tab; deduplicated by Sentinel ID
31.0925931000,29.4813145000,Non Oil spill,2019-12-13T03:58:58Z,DARTIS_2019,S1B_IW_GRDH_1SDV_20191213T040013_20191213T040037_019341_024871_6016.SAFE,Unverified,Imported from DARTIS_2019.tab; deduplicated by Sentinel ID
33.4655219000,35.1327525250,Non Oil spill,2019-12-16T03:35:02Z,DARTIS_2019,S1A_IW_GRDH_1SDV_20191216T033527_20191216T033552_030368_037971_A81F.SAFE,Unverified,Imported from DARTIS_2019.tab; deduplicated by Sentinel ID
33.6068770250,35.1965197500,Non Oil spill,2019-12-20T15:40:15Z,DARTIS_2019,S1A_IW_GRDH_1SDV_20191220T154105_20191220T154130_030434_037BB3_C3D6.SAFE,Unverified,Imported from DARTIS_2019.tab; deduplicated by Sentinel ID
34.6109421500,35.8806013250,Non Oil spill,2019-12-22T03:34:16Z,DARTIS_2019,S1B_IW_GRDH_1SDV_20191222T033441_20191222T033506_019472_024C83_324E.SAFE;S1B_IW_GRDH_1SDV_20191222T033416_20191222T033441_019472_024C83_6FC8.SAFE,Unverified,Imported from DARTIS_2019.tab; deduplicated by Sentinel ID
30.9883588250,29.0074477500,Non Oil spill,2019-12-23T16:04:56Z,DARTIS_2019,S1A_IW_GRDH_1SDV_20191223T160521_20191223T160546_030478_037D4D_5BF3.SAFE,Unverified,Imported from DARTIS_2019.tab; deduplicated by Sentinel ID
34.6585251000,28.0408150500,Non Oil spill,2019-12-23T16:04:56Z,DARTIS_2019,S1A_IW_GRDH_1SDV_20191223T160611_20191223T160636_030478_037D4D_ED2F.SAFE,Unverified,Imported from DARTIS_2019.tab; deduplicated by Sentinel ID
31.3775653250,33.6969831000,Non Oil spill,2019-12-31T15:47:53Z,DARTIS_2019,S1B_IW_GRDH_1SDV_20191231T154818_20191231T154843_019611_025103_9D8D.SAFE;S1B_IW_GRDH_1SDV_20191231T154753_20191231T154818_019611_025103_D6A6.SAFE,Unverified,Imported from DARTIS_2019.tab; deduplicated by Sentinel ID
32.7151415000,31.2008812750,Non Oil spill,2019-01-23T03:58:50Z,DARTIS_2019,S1B_IW_GRDH_1SDV_20190123T035940_20190123T040005_014616_01B3CB_32E6.SAFE;S1B_IW_GRDH_1SDV_20190123T035915_20190123T035940_014616_01B3CB_38CE.SAFE,Unverified,Imported from DARTIS_2019.tab; deduplicated by Sentinel ID
33.5111454000,29.4625890000,Non Oil spill,2019-02-20T16:04:04Z,DARTIS_2019,S1B_IW_GRDH_1SDV_20190220T160454_20190220T160519_015032_01C169_7DBC.SAFE,Unverified,Imported from DARTIS_2019.tab; deduplicated by Sentinel ID
33.9900596750,29.5721989000,Non Oil spill,2019-02-20T16:04:04Z,DARTIS_2019,S1B_IW_GRDH_1SDV_20190220T160519_20190220T160544_015032_01C169_37F7.SAFE;S1B_IW_GRDH_1SDV_20190220T160454_20190220T160519_015032_01C169_7DBC.SAFE,Unverified,Imported from DARTIS_2019.tab; deduplicated by Sentinel ID
33.9705059500,29.7418257000,Non Oil spill,2019-02-21T15:56:37Z,DARTIS_2019,S1A_IW_GRDH_1SDV_20190221T155752_20190221T155817_026030_02E6CF_6EBE.SAFE;S1A_IW_GRDH_1SDV_20190221T155727_20190221T155752_026030_02E6CF_E2B0.SAFE,Unverified,Imported from DARTIS_2019.tab; deduplicated by Sentinel ID
31.5292099000,28.6323711500,Non Oil spill,2019-04-05T03:58:50Z,DARTIS_2019,S1B_IW_GRDH_1SDV_20190405T040005_20190405T040029_015666_01D628_7546.SAFE,Unverified,Imported from DARTIS_2019.tab; deduplicated by Sentinel ID
36.0926763500,31.0459952250,Non Oil spill,2019-04-05T15:48:36Z,DARTIS_2019,S1A_IW_GRDH_1SDV_20190405T154951_20190405T155016_026657_02FDC3_09ED.SAFE,Unverified,Imported from DARTIS_2019.tab; deduplicated by Sentinel ID
32.6965723750,31.8443115750,Non Oil spill,2019-04-12T03:50:40Z,DARTIS_2019,S1B_IW_GRDH_1SDV_20190412T035130_20190412T035155_015768_01D985_E914.SAFE;S1B_IW_GRDH_1SDV_20190412T035105_20190412T035130_015768_01D985_01C9.SAFE,Unverified,Imported from DARTIS_2019.tab; deduplicated by Sentinel ID
34.2684378250,31.8656391500,Non Oil spill,2019-04-28T15:56:42Z,DARTIS_2019,S1B_IW_GRDH_1SDV_20190428T155711_20190428T155736_016009_01E183_B373.SAFE;S1B_IW_GRDH_1SDV_20190428T155642_20190428T155711_016009_01E183_AEED.SAFE,Unverified,Imported from DARTIS_2019.tab; deduplicated by Sentinel ID
33.3082561500,32.9873720750,Non Oil spill,2019-05-11T15:48:37Z,DARTIS_2019,S1A_IW_GRDH_1SDV_20190511T154927_20190511T154952_027182_031070_998B.SAFE;S1A_IW_GRDH_1SDV_20190511T154902_20190511T154927_027182_031070_D831.SAFE,Unverified,Imported from DARTIS_2019.tab; deduplicated by Sentinel ID
33.5027364500,29.6391404250,Non Oil spill,2019-05-15T16:04:06Z,DARTIS_2019,S1B_IW_GRDH_1SDV_20190515T160456_20190515T160521_016257_01E988_F53E.SAFE,Unverified,Imported from DARTIS_2019.tab; deduplicated by Sentinel ID
36.0307586000,31.0147991750,Non Oil spill,2019-05-17T03:59:29Z,DARTIS_2019,S1A_IW_GRDH_1SDV_20190517T035929_20190517T035954_027262_0312E9_2AEB.SAFE,Unverified,Imported from DARTIS_2019.tab; deduplicated by Sentinel ID
33.2556210250,29.6967934500,Non Oil spill,2019-05-29T03:59:29Z,DARTIS_2019,S1A_IW_GRDH_1SDV_20190529T040019_20190529T040044_027437_031860_421A.SAFE;S1A_IW_GRDH_1SDV_20190529T035954_20190529T040019_027437_031860_E8F6.SAFE,Unverified,Imported from DARTIS_2019.tab; deduplicated by Sentinel ID
35.3580654500,29.9011961500,Non Oil spill,2019-06-10T03:59:30Z,DARTIS_2019,S1A_IW_GRDH_1SDV_20190610T035930_20190610T035955_027612_031DBE_CF47.SAFE,Unverified,Imported from DARTIS_2019.tab; deduplicated by Sentinel ID
33.0535162000,33.8238792500,Non Oil spill,2019-06-11T15:40:10Z,DARTIS_2019,S1A_IW_GRDH_1SDV_20190611T154100_20190611T154125_027634_031E6E_FE68.SAFE,Unverified,Imported from DARTIS_2019.tab; deduplicated by Sentinel ID
34.9437746500,35.6992155500,Non Oil spill,2019-07-01T03:34:58Z,DARTIS_2019,S1A_IW_GRDH_1SDV_20190701T033458_20190701T033523_027918_0326E9_C8FD.SAFE,Unverified,Imported from DARTIS_2019.tab; deduplicated by Sentinel ID
31.4050475500,29.1669321750,Non Oil spill,2019-07-16T03:59:32Z,DARTIS_2019,S1A_IW_GRDH_1SDV_20190716T040047_20190716T040112_028137_032D90_BD5F.SAFE,Unverified,Imported from DARTIS_2019.tab; deduplicated by Sentinel ID
36.0237572250,32.4361185500,Non Oil spill,2019-07-22T15:48:41Z,DARTIS_2019,S1A_IW_GRDH_1SDV_20190722T154956_20190722T155021_028232_033073_31CC.SAFE,Unverified,Imported from DARTIS_2019.tab; deduplicated by Sentinel ID
35.7300880000,35.5705951000,Non Oil spill,2019-07-30T15:31:33Z,DARTIS_2019,S1B_IW_GRDH_1SDV_20190730T153248_20190730T153313_017365_020A74_DD3A.SAFE,Unverified,Imported from DARTIS_2019.tab; deduplicated by Sentinel ID
33.5461636000,35.0946764500,Non Oil spill,2019-08-11T03:43:04Z,DARTIS_2019,S1A_IW_GRDH_1SDV_20190811T034329_20190811T034354_028516_03394F_7B91.SAFE,Unverified,Imported from DARTIS_2019.tab; deduplicated by Sentinel ID
33.8809826500,27.8103434250,Non Oil spill,2019-09-06T16:04:57Z,DARTIS_2019,S1A_IW_GRDH_1SDV_20190906T160612_20190906T160637_028903_0346CC_B498.SAFE;S1A_IW_GRDH_1SDV_20190906T160547_20190906T160612_028903_0346CC_6FD4.SAFE,Unverified,Imported from DARTIS_2019.tab; deduplicated by Sentinel ID
35.8755555000,32.9609711250,Non Oil spill,2019-10-20T15:47:55Z,DARTIS_2019,S1B_IW_GRDH_1SDV_20191020T154910_20191020T154935_018561_022F8C_14B1.SAFE,Unverified,Imported from DARTIS_2019.tab; deduplicated by Sentinel ID
32.5086322500,29.8970114000,Non Oil spill,2019-10-31T15:56:47Z,DARTIS_2019,S1A_IW_GRDH_1SDV_20191031T155737_20191031T155802_029705_036271_CAC2.SAFE;S1A_IW_GRDH_1SDV_20191031T155712_20191031T155737_029705_036271_F756.SAFE,Unverified,Imported from DARTIS_2019.tab; deduplicated by Sentinel ID
34.5144936250,32.3582457500,Non Oil spill,2019-11-07T15:48:45Z,DARTIS_2019,S1A_IW_GRDH_1SDV_20191107T154935_20191107T155000_029807_03660E_C039.SAFE,Unverified,Imported from DARTIS_2019.tab; deduplicated by Sentinel ID
31.2664915750,32.8597727750,Non Oil spill,2019-11-08T03:51:26Z,DARTIS_2019,S1A_IW_GRDH_1SDV_20191108T035241_20191108T035307_029814_03664C_D351.SAFE,Unverified,Imported from DARTIS_2019.tab; deduplicated by Sentinel ID
34.2964357000,30.5481128500,Non Oil spill,2019-01-05T03:59:28Z,DARTIS_2019,S1A_IW_GRDH_1SDV_20190105T035953_20190105T040018_025337_02CDDA_4FB0.SAFE,Unverified,Imported from DARTIS_2019.tab; deduplicated by Sentinel ID
32.3958851500,34.4836721500,Non Oil spill,2019-01-18T15:40:08Z,DARTIS_2019,S1A_IW_GRDH_1SDV_20190118T154058_20190118T154123_025534_02D4F3_3A0C.SAFE;S1A_IW_GRDH_1SDV_20190118T154033_20190118T154058_025534_02D4F3_C962.SAFE,Unverified,Imported from DARTIS_2019.tab; deduplicated by Sentinel ID
32.8467200250,34.2464729000,Non Oil spill,2019-01-19T03:42:58Z,DARTIS_2019,S1A_IW_GRDH_1SDV_20190119T034348_20190119T034413_025541_02D53C_EE42.SAFE,Unverified,Imported from DARTIS_2019.tab; deduplicated by Sentinel ID
34.3180412250,31.6221539250,Non Oil spill,2019-01-23T03:58:50Z,DARTIS_2019,S1B_IW_GRDH_1SDV_20190123T035915_20190123T035940_014616_01B3CB_38CE.SAFE;S1B_IW_GRDH_1SDV_20190123T035850_20190123T035915_014616_01B3CB_4179.SAFE,Unverified,Imported from DARTIS_2019.tab; deduplicated by Sentinel ID
34.8197719250,31.9925226500,Non Oil spill,2019-02-04T15:48:35Z,DARTIS_2019,S1A_IW_GRDH_1SDV_20190204T154950_20190204T155015_025782_02DE08_D834.SAFE;S1A_IW_GRDH_1SDV_20190204T154925_20190204T154950_025782_02DE08_E4AA.SAFE,Unverified,Imported from DARTIS_2019.tab; deduplicated by Sentinel ID
34.3687301500,35.5448680000,Non Oil spill,2019-02-18T15:32:20Z,DARTIS_2019,S1A_IW_GRDH_1SDV_20190218T153310_20190218T153335_025986_02E530_36A3.SAFE,Unverified,Imported from DARTIS_2019.tab; deduplicated by Sentinel ID
34.0057154750,34.9138524000,Non Oil spill,2019-02-23T15:40:07Z,DARTIS_2019,S1A_IW_GRDH_1SDV_20190223T154122_20190223T154147_026059_02E7D6_5BFC.SAFE;S1A_IW_GRDH_1SDV_20190223T154057_20190223T154122_026059_02E7D6_A9E6.SAFE,Unverified,Imported from DARTIS_2019.tab; deduplicated by Sentinel ID
34.3873542250,35.5007844000,Non Oil spill,2019-03-15T03:34:54Z,DARTIS_2019,S1A_IW_GRDH_1SDV_20190315T033519_20190315T033544_026343_02F229_19FC.SAFE;S1A_IW_GRDH_1SDV_20190315T033454_20190315T033519_026343_02F229_357D.SAFE,Unverified,Imported from DARTIS_2019.tab; deduplicated by Sentinel ID
33.5003898250,32.0888091000,Non Oil spill,2019-03-24T15:48:36Z,DARTIS_2019,S1A_IW_GRDH_1SDV_20190324T154926_20190324T154951_026482_02F74C_C245.SAFE,Unverified,Imported from DARTIS_2019.tab; deduplicated by Sentinel ID
34.4706373500,32.9972396000,Non Oil spill,2019-03-25T03:51:17Z,DARTIS_2019,S1A_IW_GRDH_1SDV_20190325T035142_20190325T035207_026489_02F78B_D467.SAFE;S1A_IW_GRDH_1SDV_20190325T035117_20190325T035142_026489_02F78B_9B72.SAFE,Unverified,Imported from DARTIS_2019.tab; deduplicated by Sentinel ID
34.8016934750,35.5943366000,Non Oil spill,2019-04-26T03:34:09Z,DARTIS_2019,S1B_IW_GRDH_1SDV_20190426T033409_20190426T033434_015972_01E03C_2784.SAFE,Unverified,Imported from DARTIS_2019.tab; deduplicated by Sentinel ID
34.5842236750,29.7788556000,Non Oil spill,2019-04-29T03:58:51Z,DARTIS_2019,S1B_IW_GRDH_1SDV_20190429T035916_20190429T035941_016016_01E1C8_BA61.SAFE;S1B_IW_GRDH_1SDV_20190429T035851_20190429T035916_016016_01E1C8_1C16.SAFE,Unverified,Imported from DARTIS_2019.tab; deduplicated by Sentinel ID
34.4840759750,32.9187730500,Non Oil spill,2019-05-12T03:51:18Z,DARTIS_2019,S1A_IW_GRDH_1SDV_20190512T035143_20190512T035208_027189_0310AB_00AD.SAFE;S1A_IW_GRDH_1SDV_20190512T035118_20190512T035143_027189_0310AB_EEF7.SAFE,Unverified,Imported from DARTIS_2019.tab; deduplicated by Sentinel ID
31.4568106750,32.3376514250,Non Oil spill,2019-05-24T03:51:19Z,DARTIS_2019,S1A_IW_GRDH_1SDV_20190524T035234_20190524T035300_027364_031625_7F1D.SAFE;S1A_IW_GRDH_1SDV_20190524T035209_20190524T035234_027364_031625_B50F.SAFE,Unverified,Imported from DARTIS_2019.tab; deduplicated by Sentinel ID
31.6325289250,29.9305243250,Non Oil spill,2019-05-29T03:59:29Z,DARTIS_2019,S1A_IW_GRDH_1SDV_20190529T040044_20190529T040109_027437_031860_7B6B.SAFE,Unverified,Imported from DARTIS_2019.tab; deduplicated by Sentinel ID
34.4617736250,33.4298146000,Non Oil spill,2019-06-05T03:51:19Z,DARTIS_2019,S1A_IW_GRDH_1SDV_20190605T035119_20190605T035144_027539_031B8E_1D5C.SAFE,Unverified,Imported from DARTIS_2019.tab; deduplicated by Sentinel ID
34.9133254000,34.6456152500,Non Oil spill,2019-06-12T03:43:00Z,DARTIS_2019,S1A_IW_GRDH_1SDV_20190612T034325_20190612T034350_027641_031EA9_55D4.SAFE;S1A_IW_GRDH_1SDV_20190612T034300_20190612T034325_027641_031EA9_7D1B.SAFE,Unverified,Imported from DARTIS_2019.tab; deduplicated by Sentinel ID
34.1260563500,31.7186516250,Non Oil spill,2019-06-16T15:48:39Z,DARTIS_2019,S1A_IW_GRDH_1SDV_20190616T154929_20190616T154954_027707_0320A3_F570.SAFE,Unverified,Imported from DARTIS_2019.tab; deduplicated by Sentinel ID
34.6398598500,35.8189544250,Non Oil spill,2019-06-25T03:34:12Z,DARTIS_2019,S1B_IW_GRDH_1SDV_20190625T033437_20190625T033502_016847_01FB31_FE1D.SAFE;S1B_IW_GRDH_1SDV_20190625T033412_20190625T033437_016847_01FB31_D537.SAFE,Unverified,Imported from DARTIS_2019.tab; deduplicated by Sentinel ID
35.8281537500,31.6968415500,Non Oil spill,2019-08-09T03:59:34Z,DARTIS_2019,S1A_IW_GRDH_1SDV_20190809T035934_20190809T035959_028487_03384A_CBB4.SAFE,Unverified,Imported from DARTIS_2019.tab; deduplicated by Sentinel ID
36.0631336500,32.1708582250,Non Oil spill,2019-08-16T03:51:24Z,DARTIS_2019,S1A_IW_GRDH_1SDV_20190816T035124_20190816T035149_028589_033BD4_572B.SAFE,Unverified,Imported from DARTIS_2019.tab; deduplicated by Sentinel ID
34.6433458500,35.8181080500,Non Oil spill,2019-08-24T03:34:16Z,DARTIS_2019,S1B_IW_GRDH_1SDV_20190824T033441_20190824T033506_017722_021577_8148.SAFE;S1B_IW_GRDH_1SDV_20190824T033416_20190824T033441_017722_021577_195C.SAFE,Unverified,Imported from DARTIS_2019.tab; deduplicated by Sentinel ID
33.2171415250,28.4532082500,Non Oil spill,2019-08-25T16:04:56Z,DARTIS_2019,S1A_IW_GRDH_1SDV_20190825T160546_20190825T160611_028728_0340B1_71FA.SAFE,Unverified,Imported from DARTIS_2019.tab; deduplicated by Sentinel ID
35.9099123500,35.3116807250,Non Oil spill,2019-09-16T03:43:06Z,DARTIS_2019,S1A_IW_GRDH_1SDV_20190916T034306_20190916T034331_029041_034B8F_685E.SAFE,Unverified,Imported from DARTIS_2019.tab; deduplicated by Sentinel ID
31.5089951000,32.3050982500,Non Oil spill,2019-09-20T15:48:44Z,DARTIS_2019,S1A_IW_GRDH_1SDV_20190920T154844_20190920T154909_029107_034DCE_58F5.SAFE,Unverified,Imported from DARTIS_2019.tab; deduplicated by Sentinel ID
33.3369475500,34.2407756250,Non Oil spill,2019-09-28T03:43:06Z,DARTIS_2019,S1A_IW_GRDH_1SDV_20190928T034356_20190928T034421_029216_035188_75B2.SAFE;S1A_IW_GRDH_1SDV_20190928T034331_20190928T034356_029216_035188_442B.SAFE,Unverified,Imported from DARTIS_2019.tab; deduplicated by Sentinel ID
34.6351215250,33.3933986000,Non Oil spill,2019-10-09T03:50:49Z,DARTIS_2019,S1B_IW_GRDH_1SDV_20191009T035049_20191009T035114_018393_022A5F_CD0D.SAFE,Unverified,Imported from DARTIS_2019.tab; deduplicated by Sentinel ID
35.0435457000,35.5607464500,Non Oil spill,2019-10-10T03:43:06Z,DARTIS_2019,S1A_IW_GRDH_1SDV_20191010T034306_20191010T034331_029391_035788_5523.SAFE,Unverified,Imported from DARTIS_2019.tab; deduplicated by Sentinel ID
35.3559668500,32.5128846750,Non Oil spill,2019-11-02T03:50:49Z,DARTIS_2019,S1B_IW_GRDH_1SDV_20191102T035049_20191102T035114_018743_02353E_12A8.SAFE,Unverified,Imported from DARTIS_2019.tab; deduplicated by Sentinel ID
36.0401641500,31.7476155000,Non Oil spill,2019-11-13T03:59:36Z,DARTIS_2019,S1A_IW_GRDH_1SDV_20191113T035936_20191113T040001_029887_0368D2_1D62.SAFE,Unverified,Imported from DARTIS_2019.tab; deduplicated by Sentinel ID
29.7199751000,32.5564278000,Non Oil spill,2019-12-07T15:47:54Z,DARTIS_2019,S1B_IW_GRDH_1SDV_20191207T154754_20191207T154819_019261_0245D7_1E9F.SAFE,Unverified,Imported from DARTIS_2019.tab; deduplicated by Sentinel ID
35.1183925000,29.3358119750,Non Oil spill,2019-12-19T03:59:35Z,DARTIS_2019,S1A_IW_GRDH_1SDV_20191219T035935_20191219T040000_030412_037AF3_6AFD.SAFE,Unverified,Imported from DARTIS_2019.tab; deduplicated by Sentinel ID
35.5341564000,31.4853758000,Non Oil spill,2019-12-31T15:47:53Z,DARTIS_2019,S1B_IW_GRDH_1SDV_20191231T154908_20191231T154933_019611_025103_6622.SAFE,Unverified,Imported from DARTIS_2019.tab; deduplicated by Sentinel ID
34.6957734000,32.2665394500,Non Oil spill,2019-01-05T15:47:46Z,DARTIS_2019,S1B_IW_GRDH_1SDV_20190105T154901_20190105T154926_014361_01AB8D_D7A0.SAFE,Unverified,Imported from DARTIS_2019.tab; deduplicated by Sentinel ID
34.6624535500,31.3425266000,Non Oil spill,2019-01-11T15:48:36Z,DARTIS_2019,S1A_IW_GRDH_1SDV_20190111T154951_20190111T155016_025432_02D14A_C237.SAFE;S1A_IW_GRDH_1SDV_20190111T154926_20190111T154951_025432_02D14A_113A.SAFE,Unverified,Imported from DARTIS_2019.tab; deduplicated by Sentinel ID
31.8458168250,28.4664175000,Non Oil spill,2019-01-27T16:04:05Z,DARTIS_2019,S1B_IW_GRDH_1SDV_20190127T160430_20190127T160455_014682_01B5E9_13EC.SAFE,Unverified,Imported from DARTIS_2019.tab; deduplicated by Sentinel ID
33.6363950750,28.8252703500,Non Oil spill,2019-01-27T16:04:05Z,DARTIS_2019,S1B_IW_GRDH_1SDV_20190127T160455_20190127T160520_014682_01B5E9_3B85.SAFE,Unverified,Imported from DARTIS_2019.tab; deduplicated by Sentinel ID
33.8508010000,33.5748777000,Non Oil spill,2019-02-11T03:50:40Z,DARTIS_2019,S1B_IW_GRDH_1SDV_20190211T035105_20190211T035130_014893_01BCCD_D256.SAFE,Unverified,Imported from DARTIS_2019.tab; deduplicated by Sentinel ID
35.7363333750,34.3428548750,Non Oil spill,2019-02-24T03:42:57Z,DARTIS_2019,S1A_IW_GRDH_1SDV_20190224T034257_20190224T034322_026066_02E816_A40D.SAFE,Unverified,Imported from DARTIS_2019.tab; deduplicated by Sentinel ID
33.8300687000,34.1930448250,Non Oil spill,2019-03-02T03:42:34Z,DARTIS_2019,S1B_IW_GRDH_1SDV_20190302T034259_20190302T034324_015170_01C5ED_B305.SAFE;S1B_IW_GRDH_1SDV_20190302T034234_20190302T034259_015170_01C5ED_04F5.SAFE,Unverified,Imported from DARTIS_2019.tab; deduplicated by Sentinel ID
32.5920597000,28.5929750500,Non Oil spill,2019-03-04T16:04:04Z,DARTIS_2019,S1B_IW_GRDH_1SDV_20190304T160454_20190304T160519_015207_01C72A_2357.SAFE,Unverified,Imported from DARTIS_2019.tab; deduplicated by Sentinel ID
34.6999187500,33.7834193000,Non Oil spill,2019-03-30T15:47:45Z,DARTIS_2019,S1B_IW_GRDH_1SDV_20190330T154900_20190330T154925_015586_01D376_BC6C.SAFE,Unverified,Imported from DARTIS_2019.tab; deduplicated by Sentinel ID
35.4957523000,31.3675592500,Non Oil spill,2019-04-10T15:56:37Z,DARTIS_2019,S1A_IW_GRDH_1SDV_20190410T155752_20190410T155817_026730_030069_3C33.SAFE,Unverified,Imported from DARTIS_2019.tab; deduplicated by Sentinel ID
35.6882078250,34.7273426250,Non Oil spill,2019-05-01T03:42:19Z,DARTIS_2019,S1B_IW_GRDH_1SDV_20190501T034219_20190501T034244_016045_01E2CB_DAFE.SAFE,Unverified,Imported from DARTIS_2019.tab; deduplicated by Sentinel ID
34.8256398500,31.8282607000,Non Oil spill,2019-05-23T15:48:38Z,DARTIS_2019,S1A_IW_GRDH_1SDV_20190523T154953_20190523T155018_027357_0315EA_7A48.SAFE,Unverified,Imported from DARTIS_2019.tab; deduplicated by Sentinel ID
34.3857479500,33.5796897750,Non Oil spill,2019-05-24T03:51:19Z,DARTIS_2019,S1A_IW_GRDH_1SDV_20190524T035144_20190524T035209_027364_031625_287A.SAFE;S1A_IW_GRDH_1SDV_20190524T035119_20190524T035144_027364_031625_69C6.SAFE,Unverified,Imported from DARTIS_2019.tab; deduplicated by Sentinel ID
34.6285660500,33.4696346750,Non Oil spill,2019-05-29T15:47:48Z,DARTIS_2019,S1B_IW_GRDH_1SDV_20190529T154903_20190529T154928_016461_01EFC4_CD23.SAFE,Unverified,Imported from DARTIS_2019.tab; deduplicated by Sentinel ID
33.5062167500,33.2947404250,Non Oil spill,2019-05-30T03:50:42Z,DARTIS_2019,S1B_IW_GRDH_1SDV_20190530T035107_20190530T035132_016468_01EFFB_17D5.SAFE,Unverified,Imported from DARTIS_2019.tab; deduplicated by Sentinel ID
35.5098389750,32.9980760250,Non Oil spill,2019-05-30T03:50:42Z,DARTIS_2019,S1B_IW_GRDH_1SDV_20190530T035042_20190530T035107_016468_01EFFB_06B2.SAFE,Unverified,Imported from DARTIS_2019.tab; deduplicated by Sentinel ID
31.6128975500,34.3740664500,Non Oil spill,2019-08-17T03:42:25Z,DARTIS_2019,S1B_IW_GRDH_1SDV_20190817T034340_20190817T034405_017620_021260_79A2.SAFE;S1B_IW_GRDH_1SDV_20190817T034315_20190817T034340_017620_021260_CC88.SAFE,Unverified,Imported from DARTIS_2019.tab; deduplicated by Sentinel ID
33.0549595250,33.1340759500,Non Oil spill,2019-09-03T03:50:48Z,DARTIS_2019,S1B_IW_GRDH_1SDV_20190903T035113_20190903T035138_017868_021A04_3E95.SAFE,Unverified,Imported from DARTIS_2019.tab; deduplicated by Sentinel ID
32.5636138750,33.1295432250,Non Oil spill,2019-09-03T03:50:48Z,DARTIS_2019,S1B_IW_GRDH_1SDV_20190903T035138_20190903T035203_017868_021A04_85C3.SAFE;S1B_IW_GRDH_1SDV_20190903T035113_20190903T035138_017868_021A04_3E95.SAFE,Unverified,Imported from DARTIS_2019.tab; deduplicated by Sentinel ID
32.8581432500,34.0348501750,Non Oil spill,2019-09-10T03:42:26Z,DARTIS_2019,S1B_IW_GRDH_1SDV_20190910T034316_20190910T034341_017970_021D4F_D703.SAFE,Unverified,Imported from DARTIS_2019.tab; deduplicated by Sentinel ID
35.8136777250,33.3452768000,Non Oil spill,2019-09-14T15:47:54Z,DARTIS_2019,S1B_IW_GRDH_1SDV_20190914T154909_20190914T154934_018036_021F43_81B3.SAFE,Unverified,Imported from DARTIS_2019.tab; deduplicated by Sentinel ID
34.3128174750,29.3712210750,Non Oil spill,2019-10-07T15:56:47Z,DARTIS_2019,S1A_IW_GRDH_1SDV_20191007T155802_20191007T155827_029355_035652_6903.SAFE,Unverified,Imported from DARTIS_2019.tab; deduplicated by Sentinel ID
34.6375757750,35.5296970750,Non Oil spill,2019-10-16T03:42:27Z,DARTIS_2019,S1B_IW_GRDH_1SDV_20191016T034252_20191016T034317_018495_022D96_AE2A.SAFE;S1B_IW_GRDH_1SDV_20191016T034227_20191016T034252_018495_022D96_DFD2.SAFE,Unverified,Imported from DARTIS_2019.tab; deduplicated by Sentinel ID
31.5271144000,28.0514867500,Non Oil spill,2019-10-24T16:04:58Z,DARTIS_2019,S1A_IW_GRDH_1SDV_20191024T160523_20191024T160548_029603_035EE4_64F7.SAFE,Unverified,Imported from DARTIS_2019.tab; deduplicated by Sentinel ID
35.3645038500,34.6550363250,Non Oil spill,2019-10-28T03:42:27Z,DARTIS_2019,S1B_IW_GRDH_1SDV_20191028T034227_20191028T034252_018670_0232F7_69C9.SAFE,Unverified,Imported from DARTIS_2019.tab; deduplicated by Sentinel ID
34.5805891750,35.5179161000,Non Oil spill,2019-10-28T03:42:27Z,DARTIS_2019,S1B_IW_GRDH_1SDV_20191028T034252_20191028T034317_018670_0232F7_237B.SAFE;S1B_IW_GRDH_1SDV_20191028T034227_20191028T034252_018670_0232F7_69C9.SAFE,Unverified,Imported from DARTIS_2019.tab; deduplicated by Sentinel ID
35.1319575000,30.7527203750,Non Oil spill,2019-10-31T15:56:47Z,DARTIS_2019,S1A_IW_GRDH_1SDV_20191031T155802_20191031T155827_029705_036271_A67B.SAFE,Unverified,Imported from DARTIS_2019.tab; deduplicated by Sentinel ID
33.6644659000,29.2571740750,Non Oil spill,2019-11-19T03:58:59Z,DARTIS_2019,S1B_IW_GRDH_1SDV_20191119T035924_20191119T035949_018991_023D4F_586C.SAFE,Unverified,Imported from DARTIS_2019.tab; deduplicated by Sentinel ID
36.1403813000,34.5451843750,Non Oil spill,2019-11-27T03:43:06Z,DARTIS_2019,S1A_IW_GRDH_1SDV_20191127T034306_20191127T034331_030091_036FE7_8035.SAFE,Unverified,Imported from DARTIS_2019.tab; deduplicated by Sentinel ID
36.2557635750,35.7188416500,Non Oil spill,2019-11-27T15:31:36Z,DARTIS_2019,S1B_IW_GRDH_1SDV_20191127T153251_20191127T153316_019115_024136_DAF8.SAFE,Unverified,Imported from DARTIS_2019.tab; deduplicated by Sentinel ID
33.4177888500,29.7548786250,Non Oil spill,2019-12-11T16:04:57Z,DARTIS_2019,S1A_IW_GRDH_1SDV_20191211T160547_20191211T160612_030303_037740_EFF3.SAFE,Unverified,Imported from DARTIS_2019.tab; deduplicated by Sentinel ID
33.5255165250,33.1538725500,Non Oil spill,2019-12-13T15:48:44Z,DARTIS_2019,S1A_IW_GRDH_1SDV_20191213T154934_20191213T154959_030332_03783C_5712.SAFE,Unverified,Imported from DARTIS_2019.tab; deduplicated by Sentinel ID
32.5084386000,29.9289914250,Non Oil spill,2019-12-17T16:04:13Z,DARTIS_2019,S1B_IW_GRDH_1SDV_20191217T160503_20191217T160528_019407_024A8B_2E63.SAFE;S1B_IW_GRDH_1SDV_20191217T160438_20191217T160503_019407_024A8B_74A1.SAFE,Unverified,Imported from DARTIS_2019.tab; deduplicated by Sentinel ID
32.7471682000,32.9542898750,Non Oil spill,2019-12-26T03:51:24Z,DARTIS_2019,S1A_IW_GRDH_1SDV_20191226T035214_20191226T035239_030514_037E7E_8DF3.SAFE,Unverified,Imported from DARTIS_2019.tab; deduplicated by Sentinel ID
33.5568618500,27.6191969250,Non Oil spill,2019-12-29T16:04:12Z,DARTIS_2019,S1B_IW_GRDH_1SDV_20191229T160502_20191229T160527_019582_02501D_1510.SAFE,Unverified,Imported from DARTIS_2019.tab; deduplicated by Sentinel ID
33.6519668250,27.4602574000,Non Oil spill,2019-12-29T16:04:12Z,DARTIS_2019,S1B_IW_GRDH_1SDV_20191229T160527_20191229T160552_019582_02501D_988D.SAFE;S1B_IW_GRDH_1SDV_20191229T160502_20191229T160527_019582_02501D_1510.SAFE,Unverified,Imported from DARTIS_2019.tab; deduplicated by Sentinel ID
33.0029931500,29.6766887500,Non Oil spill,2019-12-31T03:59:34Z,DARTIS_2019,S1A_IW_GRDH_1SDV_20191231T040024_20191231T040049_030587_038100_9DB1.SAFE,Unverified,Imported from DARTIS_2019.tab; deduplicated by Sentinel ID
31.3821432000,28.6275961500,Non Oil spill,2019-12-31T03:59:34Z,DARTIS_2019,S1A_IW_GRDH_1SDV_20191231T040049_20191231T040114_030587_038100_3E6A.SAFE,Unverified,Imported from DARTIS_2019.tab; deduplicated by Sentinel ID
31.7695633750,34.1978793250,Non Oil spill,2019-01-12T15:39:43Z,DARTIS_2019,S1B_IW_GRDH_1SDV_20190112T154008_20190112T154033_014463_01AEE6_BC6A.SAFE;S1B_IW_GRDH_1SDV_20190112T153943_20190112T154008_014463_01AEE6_1C23.SAFE,Unverified,Imported from DARTIS_2019.tab; deduplicated by Sentinel ID
34.9157541250,27.3186918500,Non Oil spill,2019-01-15T16:04:05Z,DARTIS_2019,S1B_IW_GRDH_1SDV_20190115T160520_20190115T160545_014507_01B052_6B4C.SAFE,Unverified,Imported from DARTIS_2019.tab; deduplicated by Sentinel ID
34.6169707000,30.5061040750,Non Oil spill,2019-01-29T03:59:27Z,DARTIS_2019,S1A_IW_GRDH_1SDV_20190129T035952_20190129T040017_025687_02DA92_1060.SAFE,Unverified,Imported from DARTIS_2019.tab; deduplicated by Sentinel ID
31.4352861000,32.2087953500,Non Oil spill,2019-02-03T15:56:10Z,DARTIS_2019,S1B_IW_GRDH_1SDV_20190203T155610_20190203T155635_014784_01B936_2332.SAFE,Unverified,Imported from DARTIS_2019.tab; deduplicated by Sentinel ID
32.4772539500,34.5619991750,Non Oil spill,2019-02-06T03:42:34Z,DARTIS_2019,S1B_IW_GRDH_1SDV_20190206T034259_20190206T034324_014820_01BA76_B371.SAFE,Unverified,Imported from DARTIS_2019.tab; deduplicated by Sentinel ID
33.9145010500,29.2124852000,Non Oil spill,2019-02-08T16:04:05Z,DARTIS_2019,S1B_IW_GRDH_1SDV_20190208T160520_20190208T160545_014857_01BBA6_32E4.SAFE;S1B_IW_GRDH_1SDV_20190208T160455_20190208T160520_014857_01BBA6_B1A4.SAFE,Unverified,Imported from DARTIS_2019.tab; deduplicated by Sentinel ID
31.6104417500,30.7353023500,Non Oil spill,2019-02-10T03:59:26Z,DARTIS_2019,S1A_IW_GRDH_1SDV_20190210T040041_20190210T040106_025862_02E0DD_EBDC.SAFE;S1A_IW_GRDH_1SDV_20190210T040016_20190210T040041_025862_02E0DD_BBED.SAFE,Unverified,Imported from DARTIS_2019.tab; deduplicated by Sentinel ID
36.0972279500,35.8183745250,Non Oil spill,2019-02-13T03:34:08Z,DARTIS_2019,S1B_IW_GRDH_1SDV_20190213T033408_20190213T033433_014922_01BDB4_3D7D.SAFE,Unverified,Imported from DARTIS_2019.tab; deduplicated by Sentinel ID
31.1431308000,29.2579045250,Non Oil spill,2019-03-12T03:58:49Z,DARTIS_2019,S1B_IW_GRDH_1SDV_20190312T040004_20190312T040029_015316_01CAB5_D793.SAFE,Unverified,Imported from DARTIS_2019.tab; deduplicated by Sentinel ID
35.9387237500,32.8902776500,Non Oil spill,2019-03-13T03:51:16Z,DARTIS_2019,S1A_IW_GRDH_1SDV_20190313T035116_20190313T035141_026314_02F112_0450.SAFE,Unverified,Imported from DARTIS_2019.tab; deduplicated by Sentinel ID
32.8671547000,34.8713831000,Non Oil spill,2019-04-01T03:42:57Z,DARTIS_2019,S1A_IW_GRDH_1SDV_20190401T034347_20190401T034412_026591_02FB4C_C712.SAFE,Unverified,Imported from DARTIS_2019.tab; deduplicated by Sentinel ID
34.1531111000,31.8903951000,Non Oil spill,2019-04-28T15:56:42Z,DARTIS_2019,S1B_IW_GRDH_1SDV_20190428T155642_20190428T155711_016009_01E183_AEED.SAFE,Unverified,Imported from DARTIS_2019.tab; deduplicated by Sentinel ID
34.6873310500,31.6539983000,Non Oil spill,2019-04-30T03:51:18Z,DARTIS_2019,S1A_IW_GRDH_1SDV_20190430T035143_20190430T035208_027014_030AB6_4943.SAFE;S1A_IW_GRDH_1SDV_20190430T035118_20190430T035143_027014_030AB6_614C.SAFE,Unverified,Imported from DARTIS_2019.tab; deduplicated by Sentinel ID
36.0914347750,33.9046122500,Non Oil spill,2019-05-07T03:42:58Z,DARTIS_2019,S1A_IW_GRDH_1SDV_20190507T034258_20190507T034323_027116_030E69_363D.SAFE,Unverified,Imported from DARTIS_2019.tab; deduplicated by Sentinel ID
31.1575136750,28.6459510000,Non Oil spill,2019-05-23T03:58:52Z,DARTIS_2019,S1B_IW_GRDH_1SDV_20190523T040007_20190523T040031_016366_01ECE8_C1A1.SAFE,Unverified,Imported from DARTIS_2019.tab; deduplicated by Sentinel ID
34.7405255000,32.1609571000,Non Oil spill,2019-05-23T15:48:38Z,DARTIS_2019,S1A_IW_GRDH_1SDV_20190523T154953_20190523T155018_027357_0315EA_7A48.SAFE;S1A_IW_GRDH_1SDV_20190523T154928_20190523T154953_027357_0315EA_D01B.SAFE,Unverified,Imported from DARTIS_2019.tab; deduplicated by Sentinel ID
31.8185506500,33.2067123750,Non Oil spill,2019-05-23T15:48:38Z,DARTIS_2019,S1A_IW_GRDH_1SDV_20190523T154903_20190523T154928_027357_0315EA_95BE.SAFE;S1A_IW_GRDH_1SDV_20190523T154838_20190523T154903_027357_0315EA_5427.SAFE,Unverified,Imported from DARTIS_2019.tab; deduplicated by Sentinel ID
31.3722412500,33.4721135250,Non Oil spill,2019-05-29T15:47:48Z,DARTIS_2019,S1B_IW_GRDH_1SDV_20190529T154813_20190529T154838_016461_01EFC4_3A8F.SAFE;S1B_IW_GRDH_1SDV_20190529T154748_20190529T154813_016461_01EFC4_EB6A.SAFE,Unverified,Imported from DARTIS_2019.tab; deduplicated by Sentinel ID
33.5303774000,33.3237452500,Non Oil spill,2019-05-31T03:43:00Z,DARTIS_2019,S1A_IW_GRDH_1SDV_20190531T034350_20190531T034415_027466_031954_419E.SAFE;S1A_IW_GRDH_1SDV_20190531T034325_20190531T034350_027466_031954_4726.SAFE,Unverified,Imported from DARTIS_2019.tab; deduplicated by Sentinel ID
34.2162539250,35.4496948250,Non Oil spill,2019-06-13T03:34:11Z,DARTIS_2019,S1B_IW_GRDH_1SDV_20190613T033436_20190613T033501_016672_01F603_835A.SAFE,Unverified,Imported from DARTIS_2019.tab; deduplicated by Sentinel ID
35.4129443000,28.6458034750,Non Oil spill,2019-06-14T16:04:52Z,DARTIS_2019,S1A_IW_GRDH_1SDV_20190614T160607_20190614T160632_027678_031FC6_8FCE.SAFE,Unverified,Imported from DARTIS_2019.tab; deduplicated by Sentinel ID
31.6048982500,29.9913390000,Non Oil spill,2019-07-04T03:59:31Z,DARTIS_2019,S1A_IW_GRDH_1SDV_20190704T040046_20190704T040111_027962_032842_2F14.SAFE,Unverified,Imported from DARTIS_2019.tab; deduplicated by Sentinel ID
34.6932735000,35.8305554750,Non Oil spill,2019-07-07T03:34:13Z,DARTIS_2019,S1B_IW_GRDH_1SDV_20190707T033413_20190707T033438_017022_02005E_80F1.SAFE,Unverified,Imported from DARTIS_2019.tab; deduplicated by Sentinel ID
34.7312647500,32.2158623250,Non Oil spill,2019-11-26T03:50:49Z,DARTIS_2019,S1B_IW_GRDH_1SDV_20191126T035049_20191126T035114_019093_024085_A0F3.SAFE,Unverified,Imported from DARTIS_2019.tab; deduplicated by Sentinel ID
32.8823174250,34.0231090500,Non Oil spill,2019-12-13T15:48:44Z,DARTIS_2019,S1A_IW_GRDH_1SDV_20191213T154909_20191213T154934_030332_03783C_EB60.SAFE,Unverified,Imported from DARTIS_2019.tab; deduplicated by Sentinel ID
33.8482106500,30.6066024750,Non Oil spill,2019-12-25T03:58:58Z,DARTIS_2019,S1B_IW_GRDH_1SDV_20191225T035923_20191225T035948_019516_024E03_9F14.SAFE,Unverified,Imported from DARTIS_2019.tab; deduplicated by Sentinel ID
34.1365707500,32.5875169000,Non Oil spill,2019-02-23T03:50:40Z,DARTIS_2019,S1B_IW_GRDH_1SDV_20190223T035105_20190223T035130_015068_01C287_AE93.SAFE;S1B_IW_GRDH_1SDV_20190223T035040_20190223T035105_015068_01C287_5EB6.SAFE,Unverified,Imported from DARTIS_2019.tab; deduplicated by Sentinel ID
34.8406743750,29.9039000000,Non Oil spill,2019-03-05T15:56:37Z,DARTIS_2019,S1A_IW_GRDH_1SDV_20190305T155752_20190305T155817_026205_02ED1B_206C.SAFE,Unverified,Imported from DARTIS_2019.tab; deduplicated by Sentinel ID
31.8098241000,34.2985198500,Non Oil spill,2019-04-13T03:42:57Z,DARTIS_2019,S1A_IW_GRDH_1SDV_20190413T034412_20190413T034437_026766_0301B4_815C.SAFE;S1A_IW_GRDH_1SDV_20190413T034347_20190413T034412_026766_0301B4_092E.SAFE,Unverified,Imported from DARTIS_2019.tab; deduplicated by Sentinel ID
32.6915896000,32.4895630250,Non Oil spill,2019-06-11T03:50:43Z,DARTIS_2019,S1B_IW_GRDH_1SDV_20190611T035133_20190611T035158_016643_01F530_8193.SAFE;S1B_IW_GRDH_1SDV_20190611T035108_20190611T035133_016643_01F530_8AD0.SAFE,Unverified,Imported from DARTIS_2019.tab; deduplicated by Sentinel ID
34.8038618500,31.8524228250,Non Oil spill,2019-06-16T15:48:39Z,DARTIS_2019,S1A_IW_GRDH_1SDV_20190616T154954_20190616T155019_027707_0320A3_41EC.SAFE;S1A_IW_GRDH_1SDV_20190616T154929_20190616T154954_027707_0320A3_F570.SAFE,Unverified,Imported from DARTIS_2019.tab; deduplicated by Sentinel ID
32.0119223250,33.0886105500,Non Oil spill,2019-08-11T03:43:04Z,DARTIS_2019,S1A_IW_GRDH_1SDV_20190811T034419_20190811T034444_028516_03394F_C4A3.SAFE;S1A_IW_GRDH_1SDV_20190811T034354_20190811T034419_028516_03394F_EA40.SAFE,Unverified,Imported from DARTIS_2019.tab; deduplicated by Sentinel ID
31.6307521750,30.5118738000,Non Oil spill,2019-08-21T03:59:34Z,DARTIS_2019,S1A_IW_GRDH_1SDV_20190821T040049_20190821T040114_028662_033E63_B88E.SAFE;S1A_IW_GRDH_1SDV_20190821T040024_20190821T040049_028662_033E63_3BDB.SAFE,Unverified,Imported from DARTIS_2019.tab; deduplicated by Sentinel ID
33.0807404750,30.8381177750,Non Oil spill,2019-09-26T03:59:36Z,DARTIS_2019,S1A_IW_GRDH_1SDV_20190926T040026_20190926T040051_029187_035080_F816.SAFE;S1A_IW_GRDH_1SDV_20190926T040001_20190926T040026_029187_035080_FDB2.SAFE,Unverified,Imported from DARTIS_2019.tab; deduplicated by Sentinel ID
33.3837369500,33.3267258500,Non Oil spill,2019-10-04T03:42:27Z,DARTIS_2019,S1B_IW_GRDH_1SDV_20191004T034317_20191004T034342_018320_02282B_4A6D.SAFE;S1B_IW_GRDH_1SDV_20191004T034252_20191004T034317_018320_02282B_B1FB.SAFE,Unverified,Imported from DARTIS_2019.tab; deduplicated by Sentinel ID
33.9880348250,34.6556567000,Non Oil spill,2019-10-21T15:40:16Z,DARTIS_2019,S1A_IW_GRDH_1SDV_20191021T154131_20191021T154156_029559_035D56_1CD1.SAFE;S1A_IW_GRDH_1SDV_20191021T154106_20191021T154131_029559_035D56_48DB.SAFE,Unverified,Imported from DARTIS_2019.tab; deduplicated by Sentinel ID
31.3932626500,32.3310577250,Non Oil spill,2019-10-26T15:48:45Z,DARTIS_2019,S1A_IW_GRDH_1SDV_20191026T154845_20191026T154910_029632_035FDD_29A5.SAFE,Unverified,Imported from DARTIS_2019.tab; deduplicated by Sentinel ID
34.1339820250,33.6583145500,Non Oil spill,2019-11-21T03:42:27Z,DARTIS_2019,S1B_IW_GRDH_1SDV_20191121T034252_20191121T034317_019020_023E45_AFA4.SAFE,Unverified,Imported from DARTIS_2019.tab; deduplicated by Sentinel ID
32.8732468000,33.5035379000,Non Oil spill,2019-12-07T15:47:54Z,DARTIS_2019,S1B_IW_GRDH_1SDV_20191207T154844_20191207T154909_019261_0245D7_E80A.SAFE;S1B_IW_GRDH_1SDV_20191207T154819_20191207T154844_019261_0245D7_02A3.SAFE,Unverified,Imported from DARTIS_2019.tab; deduplicated by Sentinel ID
29.7196817000,32.5569273250,Non Oil spill,2019-01-29T15:47:46Z,DARTIS_2019,S1B_IW_GRDH_1SDV_20190129T154746_20190129T154811_014711_01B6D1_4094.SAFE,Unverified,Imported from DARTIS_2019.tab; deduplicated by Sentinel ID
32.9948679500,33.7324185000,Non Oil spill,2019-02-22T15:47:45Z,DARTIS_2019,S1B_IW_GRDH_1SDV_20190222T154835_20190222T154900_015061_01C24C_E464.SAFE;S1B_IW_GRDH_1SDV_20190222T154810_20190222T154835_015061_01C24C_9BBE.SAFE,Unverified,Imported from DARTIS_2019.tab; deduplicated by Sentinel ID
36.1702744250,35.1471144500,Non Oil spill,2019-03-20T15:31:27Z,DARTIS_2019,S1B_IW_GRDH_1SDV_20190320T153242_20190320T153307_015440_01CEAD_9EE4.SAFE,Unverified,Imported from DARTIS_2019.tab; deduplicated by Sentinel ID
33.7214125500,29.6301579000,Non Oil spill,2019-04-23T03:59:28Z,DARTIS_2019,S1A_IW_GRDH_1SDV_20190423T035953_20190423T040018_026912_0306F7_10F0.SAFE,Unverified,Imported from DARTIS_2019.tab; deduplicated by Sentinel ID
33.0217128250,28.1211528500,Non Oil spill,2019-06-26T16:04:52Z,DARTIS_2019,S1A_IW_GRDH_1SDV_20190626T160542_20190626T160607_027853_032501_B03A.SAFE,Unverified,Imported from DARTIS_2019.tab; deduplicated by Sentinel ID
36.0463380000,32.1147839000,Non Oil spill,2019-08-27T15:48:43Z,DARTIS_2019,S1A_IW_GRDH_1SDV_20190827T154958_20190827T155023_028757_0341B2_80F2.SAFE,Unverified,Imported from DARTIS_2019.tab; deduplicated by Sentinel ID
34.0311418500,33.4747287000,Non Oil spill,2019-10-09T03:50:49Z,DARTIS_2019,S1B_IW_GRDH_1SDV_20191009T035114_20191009T035139_018393_022A5F_B79F.SAFE;S1B_IW_GRDH_1SDV_20191009T035049_20191009T035114_018393_022A5F_CD0D.SAFE,Unverified,Imported from DARTIS_2019.tab; deduplicated by Sentinel ID
31.4950387750,30.7104167250,Non Oil spill,2019-02-10T03:59:26Z,DARTIS_2019,S1A_IW_GRDH_1SDV_20190210T040041_20190210T040106_025862_02E0DD_EBDC.SAFE,Unverified,Imported from DARTIS_2019.tab; deduplicated by Sentinel ID
34.6082862000,35.9501773750,Non Oil spill,2019-03-09T03:34:08Z,DARTIS_2019,S1B_IW_GRDH_1SDV_20190309T033433_20190309T033458_015272_01C939_A199.SAFE;S1B_IW_GRDH_1SDV_20190309T033408_20190309T033433_015272_01C939_E524.SAFE,Unverified,Imported from DARTIS_2019.tab; deduplicated by Sentinel ID
35.4734313000,35.8786753750,Non Oil spill,2019-03-21T03:34:08Z,DARTIS_2019,S1B_IW_GRDH_1SDV_20190321T033408_20190321T033433_015447_01CEE6_0635.SAFE,Unverified,Imported from DARTIS_2019.tab; deduplicated by Sentinel ID
29.3733017750,34.8252460500,Non Oil spill,2019-03-31T15:40:07Z,DARTIS_2019,S1A_IW_GRDH_1SDV_20190331T154007_20190331T154032_026584_02FB04_8FAA.SAFE,Unverified,Imported from DARTIS_2019.tab; deduplicated by Sentinel ID
35.6275878500,35.7716766750,Non Oil spill,2019-04-02T03:34:08Z,DARTIS_2019,S1B_IW_GRDH_1SDV_20190402T033408_20190402T033433_015622_01D4A4_0016.SAFE,Unverified,Imported from DARTIS_2019.tab; deduplicated by Sentinel ID
30.3402063000,32.5004538500,Non Oil spill,2019-04-24T03:50:41Z,DARTIS_2019,S1B_IW_GRDH_1SDV_20190424T035156_20190424T035220_015943_01DF52_F8F9.SAFE,Unverified,Imported from DARTIS_2019.tab; deduplicated by Sentinel ID
31.5399939250,30.7442036750,Non Oil spill,2019-06-04T03:58:53Z,DARTIS_2019,S1B_IW_GRDH_1SDV_20190604T035943_20190604T040008_016541_01F237_0933.SAFE,Unverified,Imported from DARTIS_2019.tab; deduplicated by Sentinel ID
31.5864445000,31.0012221000,Non Oil spill,2019-07-04T03:59:31Z,DARTIS_2019,S1A_IW_GRDH_1SDV_20190704T040046_20190704T040111_027962_032842_2F14.SAFE;S1A_IW_GRDH_1SDV_20190704T040021_20190704T040046_027962_032842_407B.SAFE,Unverified,Imported from DARTIS_2019.tab; deduplicated by Sentinel ID
35.6864267250,34.4532390500,Non Oil spill,2019-07-12T03:42:23Z,DARTIS_2019,S1B_IW_GRDH_1SDV_20190712T034223_20190712T034248_017095_02029D_48B8.SAFE,Unverified,Imported from DARTIS_2019.tab; deduplicated by Sentinel ID
34.7858847250,33.4045653250,Non Oil spill,2019-07-12T03:42:23Z,DARTIS_2019,S1B_IW_GRDH_1SDV_20190712T034248_20190712T034313_017095_02029D_F9A6.SAFE,Unverified,Imported from DARTIS_2019.tab; deduplicated by Sentinel ID
31.1271791000,33.1703427500,Non Oil spill,2019-08-15T15:48:43Z,DARTIS_2019,S1A_IW_GRDH_1SDV_20190815T154843_20190815T154908_028582_033B99_BA95.SAFE,Unverified,Imported from DARTIS_2019.tab; deduplicated by Sentinel ID
31.0501658750,32.5734519500,Non Oil spill,2019-09-08T15:48:44Z,DARTIS_2019,S1A_IW_GRDH_1SDV_20190908T154844_20190908T154909_028932_0347C3_3FC8.SAFE,Unverified,Imported from DARTIS_2019.tab; deduplicated by Sentinel ID
33.7681247000,35.4712421000,Non Oil spill,2019-09-11T03:35:02Z,DARTIS_2019,S1A_IW_GRDH_1SDV_20190911T033527_20190911T033552_028968_034906_3DA3.SAFE,Unverified,Imported from DARTIS_2019.tab; deduplicated by Sentinel ID
30.8958583250,29.3165704500,Non Oil spill,2019-09-20T03:58:59Z,DARTIS_2019,S1B_IW_GRDH_1SDV_20190920T040014_20190920T040038_018116_0221CA_2BF9.SAFE,Unverified,Imported from DARTIS_2019.tab; deduplicated by Sentinel ID
36.0234880000,32.7995784500,Non Oil spill,2019-10-02T15:48:45Z,DARTIS_2019,S1A_IW_GRDH_1SDV_20191002T155000_20191002T155025_029282_0353D1_CB12.SAFE,Unverified,Imported from DARTIS_2019.tab; deduplicated by Sentinel ID
29.7683766500,32.6751283000,Non Oil spill,2019-10-21T03:50:49Z,DARTIS_2019,S1B_IW_GRDH_1SDV_20191021T035204_20191021T035228_018568_022FC0_BD0E.SAFE,Unverified,Imported from DARTIS_2019.tab; deduplicated by Sentinel ID
31.3064189750,30.0461721000,Non Oil spill,2019-11-13T03:59:36Z,DARTIS_2019,S1A_IW_GRDH_1SDV_20191113T040051_20191113T040116_029887_0368D2_0CDF.SAFE,Unverified,Imported from DARTIS_2019.tab; deduplicated by Sentinel ID
36.2974320250,34.0086503250,Non Oil spill,2019-11-15T03:43:06Z,DARTIS_2019,S1A_IW_GRDH_1SDV_20191115T034306_20191115T034331_029916_0369D3_7586.SAFE,Unverified,Imported from DARTIS_2019.tab; deduplicated by Sentinel ID
31.3031372500,34.1841811250,Non Oil spill,2019-11-21T03:42:27Z,DARTIS_2019,S1B_IW_GRDH_1SDV_20191121T034342_20191121T034407_019020_023E45_2D19.SAFE,Unverified,Imported from DARTIS_2019.tab; deduplicated by Sentinel ID
29.8233155500,32.5829360000,Non Oil spill,2019-12-06T15:56:46Z,DARTIS_2019,S1A_IW_GRDH_1SDV_20191206T155646_20191206T155711_030230_0374B1_9DB1.SAFE,Unverified,Imported from DARTIS_2019.tab; deduplicated by Sentinel ID
31.1020500000,33.6406663500,Non Oil spill,2019-12-09T03:43:06Z,DARTIS_2019,S1A_IW_GRDH_1SDV_20191209T034421_20191209T034446_030266_0375E5_4268.SAFE,Unverified,Imported from DARTIS_2019.tab; deduplicated by Sentinel ID
29.3668919000,34.7680262000,Non Oil spill,2019-01-30T15:40:07Z,DARTIS_2019,S1A_IW_GRDH_1SDV_20190130T154007_20190130T154032_025709_02DB59_A3E0.SAFE,Unverified,Imported from DARTIS_2019.tab; deduplicated by Sentinel ID
35.4584185500,35.7532245000,Non Oil spill,2019-03-15T03:34:54Z,DARTIS_2019,S1A_IW_GRDH_1SDV_20190315T033454_20190315T033519_026343_02F229_357D.SAFE,Unverified,Imported from DARTIS_2019.tab; deduplicated by Sentinel ID
33.1438315750,35.0965038250,Non Oil spill,2019-03-21T03:34:08Z,DARTIS_2019,S1B_IW_GRDH_1SDV_20190321T033458_20190321T033523_015447_01CEE6_6D57.SAFE;S1B_IW_GRDH_1SDV_20190321T033433_20190321T033458_015447_01CEE6_D58A.SAFE,Unverified,Imported from DARTIS_2019.tab; deduplicated by Sentinel ID
35.2768519000,33.8790789750,Non Oil spill,2019-05-18T03:50:42Z,DARTIS_2019,S1B_IW_GRDH_1SDV_20190518T035042_20190518T035107_016293_01EAA1_8EE8.SAFE,Unverified,Imported from DARTIS_2019.tab; deduplicated by Sentinel ID
35.0977189250,35.8711634750,Non Oil spill,2019-06-01T03:34:11Z,DARTIS_2019,S1B_IW_GRDH_1SDV_20190601T033411_20190601T033436_016497_01F0CE_60B6.SAFE,Unverified,Imported from DARTIS_2019.tab; deduplicated by Sentinel ID
35.4469680750,32.9379081750,Non Oil spill,2019-07-04T15:47:50Z,DARTIS_2019,S1B_IW_GRDH_1SDV_20190704T154905_20190704T154930_016986_01FF5D_CF02.SAFE,Unverified,Imported from DARTIS_2019.tab; deduplicated by Sentinel ID
29.7608062500,32.6760526750,Non Oil spill,2019-07-05T03:50:45Z,DARTIS_2019,S1B_IW_GRDH_1SDV_20190705T035200_20190705T035224_016993_01FF91_24F8.SAFE,Unverified,Imported from DARTIS_2019.tab; deduplicated by Sentinel ID
30.8826142500,28.9679212750,Non Oil spill,2019-07-08T16:04:53Z,DARTIS_2019,S1A_IW_GRDH_1SDV_20190708T160518_20190708T160543_028028_032A54_46E6.SAFE;S1A_IW_GRDH_1SDV_20190708T160453_20190708T160518_028028_032A54_0D21.SAFE,Unverified,Imported from DARTIS_2019.tab; deduplicated by Sentinel ID
34.8810319750,33.5650593500,Non Oil spill,2019-07-12T03:42:23Z,DARTIS_2019,S1B_IW_GRDH_1SDV_20190712T034248_20190712T034313_017095_02029D_F9A6.SAFE;S1B_IW_GRDH_1SDV_20190712T034223_20190712T034248_017095_02029D_48B8.SAFE,Unverified,Imported from DARTIS_2019.tab; deduplicated by Sentinel ID
31.3580700250,32.1975330500,Non Oil spill,2019-07-22T15:48:41Z,DARTIS_2019,S1A_IW_GRDH_1SDV_20190722T154841_20190722T154906_028232_033073_EB9B.SAFE,Unverified,Imported from DARTIS_2019.tab; deduplicated by Sentinel ID
31.5807937750,31.0386909250,Non Oil spill,2019-07-28T03:59:33Z,DARTIS_2019,S1A_IW_GRDH_1SDV_20190728T040048_20190728T040113_028312_0332E7_4BE5.SAFE;S1A_IW_GRDH_1SDV_20190728T040023_20190728T040048_028312_0332E7_D2BD.SAFE,Unverified,Imported from DARTIS_2019.tab; deduplicated by Sentinel ID
34.9429638000,33.6709881500,Non Oil spill,2019-08-04T03:51:23Z,DARTIS_2019,S1A_IW_GRDH_1SDV_20190804T035123_20190804T035148_028414_0335FE_853E.SAFE,Unverified,Imported from DARTIS_2019.tab; deduplicated by Sentinel ID
35.3781388500,33.2875548000,Non Oil spill,2019-08-15T15:48:43Z,DARTIS_2019,S1A_IW_GRDH_1SDV_20190815T154958_20190815T155023_028582_033B99_BECB.SAFE,Unverified,Imported from DARTIS_2019.tab; deduplicated by Sentinel ID
31.5575094000,31.0069745000,Non Oil spill,2019-09-09T03:51:25Z,DARTIS_2019,S1A_IW_GRDH_1SDV_20190909T035240_20190909T035306_028939_034806_3EC4.SAFE,Unverified,Imported from DARTIS_2019.tab; deduplicated by Sentinel ID
35.5310344000,35.7560714500,Non Oil spill,2019-10-11T03:34:17Z,DARTIS_2019,S1B_IW_GRDH_1SDV_20191011T033417_20191011T033442_018422_022B37_2023.SAFE,Unverified,Imported from DARTIS_2019.tab; deduplicated by Sentinel ID
35.4094592500,35.8660164250,Non Oil spill,2019-11-04T03:34:17Z,DARTIS_2019,S1B_IW_GRDH_1SDV_20191104T033417_20191104T033442_018772_02361B_C2FF.SAFE,Unverified,Imported from DARTIS_2019.tab; deduplicated by Sentinel ID
32.1998223250,34.7719490000,Non Oil spill,2019-11-21T03:42:27Z,DARTIS_2019,S1B_IW_GRDH_1SDV_20191121T034317_20191121T034342_019020_023E45_5CFB.SAFE,Unverified,Imported from DARTIS_2019.tab; deduplicated by Sentinel ID
34.7220471750,35.8940479000,Non Oil spill,2019-12-10T03:34:17Z,DARTIS_2019,S1B_IW_GRDH_1SDV_20191210T033417_20191210T033442_019297_0246F2_3699.SAFE,Unverified,Imported from DARTIS_2019.tab; deduplicated by Sentinel ID
31.1413977000,32.4933469750,Non Oil spill,2019-12-13T15:48:44Z,DARTIS_2019,S1A_IW_GRDH_1SDV_20191213T154844_20191213T154909_030332_03783C_3747.SAFE,Unverified,Imported from DARTIS_2019.tab; deduplicated by Sentinel ID
34.1490568000,35.5753434500,Non Oil spill,2019-12-28T03:35:02Z,DARTIS_2019,S1A_IW_GRDH_1SDV_20191228T033527_20191228T033552_030543_037F75_6668.SAFE,Unverified,Imported from DARTIS_2019.tab; deduplicated by Sentinel ID
31.0677898000,32.9484709500,Non Oil spill,2019-01-05T15:47:46Z,DARTIS_2019,S1B_IW_GRDH_1SDV_20190105T154746_20190105T154811_014361_01AB8D_D8C0.SAFE,Unverified,Imported from DARTIS_2019.tab; deduplicated by Sentinel ID
34.7025959250,33.4349853500,Non Oil spill,2019-01-24T03:51:17Z,DARTIS_2019,S1A_IW_GRDH_1SDV_20190124T035117_20190124T035142_025614_02D7E5_2D5A.SAFE,Unverified,Imported from DARTIS_2019.tab; deduplicated by Sentinel ID
34.6137219000,32.7431841500,Non Oil spill,2019-01-29T15:47:46Z,DARTIS_2019,S1B_IW_GRDH_1SDV_20190129T154901_20190129T154926_014711_01B6D1_9644.SAFE,Unverified,Imported from DARTIS_2019.tab; deduplicated by Sentinel ID
31.2083028000,33.1738845500,Non Oil spill,2019-02-06T03:42:34Z,DARTIS_2019,S1B_IW_GRDH_1SDV_20190206T034324_20190206T034349_014820_01BA76_500C.SAFE,Unverified,Imported from DARTIS_2019.tab; deduplicated by Sentinel ID
31.0549638500,32.9514090000,Non Oil spill,2019-02-22T15:47:45Z,DARTIS_2019,S1B_IW_GRDH_1SDV_20190222T154745_20190222T154810_015061_01C24C_A9EC.SAFE,Unverified,Imported from DARTIS_2019.tab; deduplicated by Sentinel ID
35.3440655000,32.8971242000,Non Oil spill,2019-04-11T15:47:46Z,DARTIS_2019,S1B_IW_GRDH_1SDV_20190411T154901_20190411T154926_015761_01D947_4210.SAFE,Unverified,Imported from DARTIS_2019.tab; deduplicated by Sentinel ID
33.1038117500,35.0427493250,Non Oil spill,2019-04-12T15:40:08Z,DARTIS_2019,S1A_IW_GRDH_1SDV_20190412T154058_20190412T154123_026759_03016C_594E.SAFE,Unverified,Imported from DARTIS_2019.tab; deduplicated by Sentinel ID
35.2732989000,33.8781968500,Non Oil spill,2019-05-06T03:50:41Z,DARTIS_2019,S1B_IW_GRDH_1SDV_20190506T035041_20190506T035106_016118_01E530_502E.SAFE,Unverified,Imported from DARTIS_2019.tab; deduplicated by Sentinel ID
36.2960577500,32.1921004500,Non Oil spill,2019-06-04T15:48:38Z,DARTIS_2019,S1A_IW_GRDH_1SDV_20190604T154953_20190604T155018_027532_031B5A_8B9B.SAFE,Unverified,Imported from DARTIS_2019.tab; deduplicated by Sentinel ID
34.0652656000,35.5722350000,Non Oil spill,2019-07-05T15:40:12Z,DARTIS_2019,S1A_IW_GRDH_1SDV_20190705T154127_20190705T154152_027984_0328EF_A372.SAFE;S1A_IW_GRDH_1SDV_20190705T154102_20190705T154127_027984_0328EF_8C32.SAFE,Unverified,Imported from DARTIS_2019.tab; deduplicated by Sentinel ID
33.3438528000,35.2311700750,Non Oil spill,2019-08-05T03:42:24Z,DARTIS_2019,S1B_IW_GRDH_1SDV_20190805T034249_20190805T034314_017445_020CF7_94B6.SAFE,Unverified,Imported from DARTIS_2019.tab; deduplicated by Sentinel ID
33.5574135000,35.2864733500,Non Oil spill,2019-08-06T03:35:01Z,DARTIS_2019,S1A_IW_GRDH_1SDV_20190806T033526_20190806T033551_028443_0336DB_14D4.SAFE,Unverified,Imported from DARTIS_2019.tab; deduplicated by Sentinel ID
35.4990743000,34.4331281000,Non Oil spill,2019-10-22T03:43:06Z,DARTIS_2019,S1A_IW_GRDH_1SDV_20191022T034306_20191022T034331_029566_035D93_C722.SAFE,Unverified,Imported from DARTIS_2019.tab; deduplicated by Sentinel ID
31.6328821500,30.9099765000,Non Oil spill,2019-11-13T03:59:36Z,DARTIS_2019,S1A_IW_GRDH_1SDV_20191113T040026_20191113T040051_029887_0368D2_1A62.SAFE,Unverified,Imported from DARTIS_2019.tab; deduplicated by Sentinel ID
31.2244179750,33.2233709000,Non Oil spill,2019-11-25T15:47:54Z,DARTIS_2019,S1B_IW_GRDH_1SDV_20191125T154754_20191125T154819_019086_02404F_B4BC.SAFE,Unverified,Imported from DARTIS_2019.tab; deduplicated by Sentinel ID
31.0553548500,32.9754989000,Non Oil spill,2019-12-14T03:51:25Z,DARTIS_2019,S1A_IW_GRDH_1SDV_20191214T035240_20191214T035306_030339_037875_300E.SAFE,Unverified,Imported from DARTIS_2019.tab; deduplicated by Sentinel ID
31.5775117500,34.4473894750,Non Oil spill,2019-12-27T03:42:25Z,DARTIS_2019,S1B_IW_GRDH_1SDV_20191227T034340_20191227T034405_019545_024EF5_DB60.SAFE,Unverified,Imported from DARTIS_2019.tab; deduplicated by Sentinel ID
34.6664467000,35.9775305250,Non Oil spill,2019-12-28T03:35:02Z,DARTIS_2019,S1A_IW_GRDH_1SDV_20191228T033502_20191228T033527_030543_037F75_52CE.SAFE,Unverified,Imported from DARTIS_2019.tab; deduplicated by Sentinel ID
36.3038703250,32.2421961000,Non Oil spill,2019-02-28T15:48:35Z,DARTIS_2019,S1A_IW_GRDH_1SDV_20190228T154950_20190228T155015_026132_02EA77_063D.SAFE,Unverified,Imported from DARTIS_2019.tab; deduplicated by Sentinel ID
29.8181976000,32.4145196250,Non Oil spill,2019-06-10T15:47:48Z,DARTIS_2019,S1B_IW_GRDH_1SDV_20190610T154748_20190610T154813_016636_01F4FD_BBE4.SAFE,Unverified,Imported from DARTIS_2019.tab; deduplicated by Sentinel ID
34.3094675750,35.7119799250,Non Oil spill,2019-07-12T15:32:25Z,DARTIS_2019,S1A_IW_GRDH_1SDV_20190712T153315_20190712T153340_028086_032BFC_F83C.SAFE,Unverified,Imported from DARTIS_2019.tab; deduplicated by Sentinel ID
35.0209038000,32.3920296250,Non Oil spill,2019-08-03T15:48:42Z,DARTIS_2019,S1A_IW_GRDH_1SDV_20190803T154957_20190803T155022_028407_0335C8_509F.SAFE,Unverified,Imported from DARTIS_2019.tab; deduplicated by Sentinel ID
33.4389790500,35.2815579000,Non Oil spill,2019-10-05T03:35:03Z,DARTIS_2019,S1A_IW_GRDH_1SDV_20191005T033528_20191005T033553_029318_035507_EA56.SAFE,Unverified,Imported from DARTIS_2019.tab; deduplicated by Sentinel ID
36.2130065250,29.6501266500,Non Oil spill,2019-10-20T03:59:36Z,DARTIS_2019,S1A_IW_GRDH_1SDV_20191020T035936_20191020T040001_029537_035C98_C027.SAFE,Unverified,Imported from DARTIS_2019.tab; deduplicated by Sentinel ID
30.2202750500,32.4178852750,Non Oil spill,2019-11-20T03:51:26Z,DARTIS_2019,S1A_IW_GRDH_1SDV_20191120T035241_20191120T035307_029989_036C5B_5AE1.SAFE,Unverified,Imported from DARTIS_2019.tab; deduplicated by Sentinel ID
34.2929128500,35.6853860250,Non Oil spill,2019-11-28T03:34:17Z,DARTIS_2019,S1B_IW_GRDH_1SDV_20191128T033442_20191128T033507_019122_024166_116F.SAFE,Unverified,Imported from DARTIS_2019.tab; deduplicated by Sentinel ID
31.1124861000,29.7554668500,Non Oil spill,2019-01-03T16:04:06Z,DARTIS_2019,S1B_IW_GRDH_1SDV_20190103T160431_20190103T160456_014332_01AAA9_8798.SAFE,Unverified,Imported from DARTIS_2019.tab; deduplicated by Sentinel ID
34.3615610500,35.6986850250,Non Oil spill,2019-02-05T15:39:42Z,DARTIS_2019,S1B_IW_GRDH_1SDV_20190205T154032_20190205T154057_014813_01BA3E_F9F0.SAFE,Unverified,Imported from DARTIS_2019.tab; deduplicated by Sentinel ID
34.6180523500,32.7702787000,Non Oil spill,2019-03-07T03:50:39Z,DARTIS_2019,S1B_IW_GRDH_1SDV_20190307T035039_20190307T035104_015243_01C850_B7FD.SAFE,Unverified,Imported from DARTIS_2019.tab; deduplicated by Sentinel ID
32.9735472250,35.0446050500,Non Oil spill,2019-03-07T15:40:07Z,DARTIS_2019,S1A_IW_GRDH_1SDV_20190307T154057_20190307T154122_026234_02EE1A_1E1A.SAFE,Unverified,Imported from DARTIS_2019.tab; deduplicated by Sentinel ID
34.3502373000,35.6804164000,Non Oil spill,2019-04-01T15:31:27Z,DARTIS_2019,S1B_IW_GRDH_1SDV_20190401T153217_20190401T153242_015615_01D46B_9048.SAFE,Unverified,Imported from DARTIS_2019.tab; deduplicated by Sentinel ID
33.0572943500,35.0770308000,Non Oil spill,2019-04-02T03:34:08Z,DARTIS_2019,S1B_IW_GRDH_1SDV_20190402T033458_20190402T033523_015622_01D4A4_26AF.SAFE,Unverified,Imported from DARTIS_2019.tab; deduplicated by Sentinel ID
36.2047060500,30.4704300000,Non Oil spill,2019-04-11T03:59:27Z,DARTIS_2019,S1A_IW_GRDH_1SDV_20190411T035927_20190411T035952_026737_0300A0_9A6C.SAFE,Unverified,Imported from DARTIS_2019.tab; deduplicated by Sentinel ID
36.1681365000,29.9961704500,Non Oil spill,2019-04-23T03:59:28Z,DARTIS_2019,S1A_IW_GRDH_1SDV_20190423T035928_20190423T035953_026912_0306F7_0E0A.SAFE,Unverified,Imported from DARTIS_2019.tab; deduplicated by Sentinel ID
30.3559466500,32.4109744750,Non Oil spill,2019-05-30T03:50:42Z,DARTIS_2019,S1B_IW_GRDH_1SDV_20190530T035157_20190530T035221_016468_01EFFB_DEAB.SAFE,Unverified,Imported from DARTIS_2019.tab; deduplicated by Sentinel ID
31.0589517000,29.6451208250,Non Oil spill,2019-06-14T16:04:52Z,DARTIS_2019,S1A_IW_GRDH_1SDV_20190614T160517_20190614T160542_027678_031FC6_6583.SAFE;S1A_IW_GRDH_1SDV_20190614T160452_20190614T160517_027678_031FC6_B592.SAFE,Unverified,Imported from DARTIS_2019.tab; deduplicated by Sentinel ID
35.0242847000,33.9891800500,Non Oil spill,2019-07-05T15:40:12Z,DARTIS_2019,S1A_IW_GRDH_1SDV_20190705T154127_20190705T154152_027984_0328EF_A372.SAFE,Unverified,Imported from DARTIS_2019.tab; deduplicated by Sentinel ID
34.9084741500,33.9010162500,Non Oil spill,2019-07-30T03:43:03Z,DARTIS_2019,S1A_IW_GRDH_1SDV_20190730T034328_20190730T034353_028341_0333D2_4C47.SAFE;S1A_IW_GRDH_1SDV_20190730T034303_20190730T034328_028341_0333D2_2F03.SAFE,Unverified,Imported from DARTIS_2019.tab; deduplicated by Sentinel ID
36.2685254500,33.9794120000,Non Oil spill,2019-08-17T03:42:25Z,DARTIS_2019,S1B_IW_GRDH_1SDV_20190817T034225_20190817T034250_017620_021260_4222.SAFE,Unverified,Imported from DARTIS_2019.tab; deduplicated by Sentinel ID
35.1341794000,32.5093792500,Non Oil spill,2019-08-21T15:47:53Z,DARTIS_2019,S1B_IW_GRDH_1SDV_20190821T154908_20190821T154933_017686_021461_D50E.SAFE,Unverified,Imported from DARTIS_2019.tab; deduplicated by Sentinel ID
30.3332683000,32.4086418250,Non Oil spill,2019-08-22T03:50:47Z,DARTIS_2019,S1B_IW_GRDH_1SDV_20190822T035202_20190822T035226_017693_021497_FA4C.SAFE,Unverified,Imported from DARTIS_2019.tab; deduplicated by Sentinel ID
31.4855052000,30.8723482000,Non Oil spill,2019-09-08T03:58:58Z,DARTIS_2019,S1B_IW_GRDH_1SDV_20190908T035948_20190908T040013_017941_021C58_528D.SAFE,Unverified,Imported from DARTIS_2019.tab; deduplicated by Sentinel ID
32.8268457000,35.0056444250,Non Oil spill,2019-10-29T03:34:58Z,DARTIS_2019,S1A_IW_GRDH_1SDV_20191029T033548_20191029T033613_029668_036124_E7A8.SAFE,Unverified,Imported from DARTIS_2019.tab; deduplicated by Sentinel ID
31.2312867000,33.0879292000,Non Oil spill,2019-12-07T15:47:54Z,DARTIS_2019,S1B_IW_GRDH_1SDV_20191207T154819_20191207T154844_019261_0245D7_02A3.SAFE;S1B_IW_GRDH_1SDV_20191207T154754_20191207T154819_019261_0245D7_1E9F.SAFE,Unverified,Imported from DARTIS_2019.tab; deduplicated by Sentinel ID
34.3190558500,35.6255187250,Non Oil spill,2019-12-14T15:39:50Z,DARTIS_2019,S1B_IW_GRDH_1SDV_20191214T154040_20191214T154105_019363_02492E_2DD8.SAFE,Unverified,Imported from DARTIS_2019.tab; deduplicated by Sentinel ID
30.3763601750,32.2910500000,Non Oil spill,2019-12-18T15:56:45Z,DARTIS_2019,S1A_IW_GRDH_1SDV_20191218T155645_20191218T155710_030405_037AC0_57F0.SAFE,Unverified,Imported from DARTIS_2019.tab; deduplicated by Sentinel ID
30.8400968000,29.3242232000,Non Oil spill,2019-12-19T03:59:35Z,DARTIS_2019,S1A_IW_GRDH_1SDV_20191219T040050_20191219T040115_030412_037AF3_9162.SAFE,Unverified,Imported from DARTIS_2019.tab; deduplicated by Sentinel ID
29.9380715000,32.4207764000,Non Oil spill,2019-12-31T15:47:53Z,DARTIS_2019,S1B_IW_GRDH_1SDV_20191231T154753_20191231T154818_019611_025103_D6A6.SAFE,Unverified,Imported from DARTIS_2019.tab; deduplicated by Sentinel ID
